country,stream,level,course_name,college_name,ranking,duration_years,total_cost_local,total_cost_inr,avg_salary_local,avg_salary_inr,roi,payback_years
USA,Engineering & Technology,UG,Aerospace Engineering; Chemical Engineering; Civil Engineering; Computer Science & Engineering (EECS); Electrical Engineering; Environmental Engineering; Materials Science & Engineering; Mechanical Engineering; Nuclear Science & Engineering; Ocean Engineering; Biological Engineering,Massachusetts Institute of Technology (MIT),1,4,249101.7964,20800000,126638,10574273,1.541892548,1.967038301
USA,Engineering & Technology,UG,Aeronautics & Astronautics; Bioengineering; Chemical Engineering; Civil Engineering; Computer Science; Electrical Engineering; Environmental Engineering; Materials Science & Engineering; Mechanical Engineering; Petroleum Engineering; Product Design,Stanford University,3,4,249101.7964,20800000,123442,10307407,1.477742067,2.017966303
USA,Engineering & Technology,UG,Applied Mathematics; Biomedical Engineering; Computer Science; Electrical Engineering; Environmental Science & Engineering; Materials Science & Engineering; Mechanical Engineering; Statistics,Harvard University,5,4,249101.7964,20800000,120500,10061750,1.418689904,2.067234825
USA,Engineering & Technology,UG,Aerospace Engineering; Applied & Computational Mathematics; Bioengineering; Chemical Engineering; Civil Engineering; Computer Science; Electrical Engineering; Environmental Science & Engineering; Materials Science; Mechanical Engineering,California Institute of Technology (Caltech),10,4,249101.7964,20800000,119800,10003300,1.404639423,2.079313826
USA,Engineering & Technology,UG,Computer Science; Data Science; Statistics,University of Chicago,13,4,249101.7964,20800000,115000,9602500,1.308293269,2.166102577
USA,Engineering & Technology,UG,Bioengineering (SEAS); Chemical & Biomolecular Engineering; Computer Science; Digital Media Design; Electrical & Systems Engineering; Environmental Engineering; Materials Science & Engineering; Mechanical Engineering & Applied Mechanics; Networked & Social Systems Engineering; Systems Engineering,University of Pennsylvania,15,4,249101.7964,20800000,120000,10020000,1.408653846,2.075848303
USA,Engineering & Technology,UG,Biological Engineering; Chemical & Biomolecular Engineering; Civil & Environmental Engineering; Computer Science; Electrical & Computer Engineering; Environmental Engineering; Information Science; Materials Science & Engineering; Mechanical & Aerospace Engineering; Operations Research,Cornell University,16,4,249101.7964,20800000,118000,9853000,1.368509615,2.111032173
USA,Engineering & Technology,UG,Bioengineering; Chemical Engineering; Civil & Environmental Engineering; Computer Science; Electrical Engineering & Computer Science (EECS); Environmental Engineering; Industrial Engineering & Operations Research; Materials Science & Engineering; Mechanical Engineering; Nuclear Engineering,"University of California, Berkeley (UCB)",17,4,249101.7964,20800000,122000,10187000,1.448798077,2.041818003
USA,Engineering & Technology,UG,Biomedical Engineering; Chemical Engineering; Computer Science; Electrical Engineering; Environmental Engineering; Mechanical Engineering & Materials Science,Yale University,21,4,249101.7964,20800000,114000,9519000,1.288221154,2.185103477
USA,Engineering & Technology,UG,Applied Mathematics & Statistics; Biomedical Engineering; Chemical & Biomolecular Engineering; Civil Engineering; Computer Engineering; Computer Science; Electrical & Computer Engineering; Environmental Engineering; Geography & Environmental Engineering; Materials Science & Engineering; Mechanical Engineering; Neuroscience & Cognitive Science,Johns Hopkins University,24,4,249101.7964,20800000,113000,9435500,1.268149038,2.204440676
USA,Engineering & Technology,UG,Chemical & Biological Engineering; Civil & Environmental Engineering; Computer Science; Electrical & Computer Engineering; Materials Science & Engineering; Mechanical & Aerospace Engineering; Operations Research & Financial Engineering,Princeton University,25,4,249101.7964,20800000,118000,9853000,1.368509615,2.111032173
USA,Engineering & Technology,UG,Applied Mathematics; Applied Physics; Biomedical Engineering; Chemical Engineering; Civil Engineering; Computer Engineering; Computer Science; Earth & Environmental Engineering; Electrical Engineering; Industrial Engineering & Operations Research; Materials Science; Mechanical Engineering,Columbia University,38,4,249101.7964,20800000,118000,9853000,1.368509615,2.111032173
USA,Engineering & Technology,UG,Biomedical Engineering; Chemical Engineering; Civil & Environmental Engineering; Computer Engineering; Computer Science; Electrical Engineering; Engineering Sciences; Industrial Engineering; Manufacturing & Design Engineering; Materials Science & Engineering; Mechanical Engineering,Northwestern University,42,4,249101.7964,20800000,115000,9602500,1.308293269,2.166102577
USA,Engineering & Technology,UG,Aerospace Engineering; Biomedical Engineering; Chemical Engineering; Civil Engineering; Computer Engineering; Computer Science; Data Science; Electrical & Computer Engineering; Environmental Engineering; Industrial & Operations Engineering; Materials Science & Engineering; Mechanical Engineering; Naval Architecture & Marine Engineering; Nuclear Engineering & Radiological Sciences,University of Michigan-Ann Arbor,45,4,249101.7964,20800000,118000,9853000,1.368509615,2.111032173
USA,Engineering & Technology,UG,Aerospace Engineering; Bioengineering; Chemical & Biomolecular Engineering; Civil & Environmental Engineering; Computer Science; Electrical & Computer Engineering; Materials Engineering; Mechanical & Aerospace Engineering,"University of California, Los Angeles (UCLA)",46,4,249101.7964,20800000,117000,9769500,1.3484375,2.129075183
USA,Engineering & Technology,UG,Biomedical Engineering; Chemical Engineering; Civil & Environmental Engineering; Computer Science; Electrical & Computer Engineering; Environmental Engineering; Information Systems; Materials Science & Engineering; Mechanical Engineering; Robotics (minor); Software Engineering,Carnegie Mellon University,52,4,249101.7964,20800000,130000,10855000,1.609375,1.916167665
USA,Engineering & Technology,UG,Biomedical Engineering; Chemical & Biomolecular Engineering; Civil Engineering; Computer Engineering; Computer Science; Computer Science & Economics; Electrical Engineering; Mechanical Engineering,New York University (NYU),55,4,249101.7964,20800000,110000,9185000,1.207932692,2.264561786
USA,Engineering & Technology,UG,Biomedical Engineering; Civil Engineering; Computer Science; Electrical & Computer Engineering; Environmental Engineering; Materials Science; Mechanical Engineering,Duke University,62,4,249101.7964,20800000,115000,9602500,1.308293269,2.166102577
USA,Engineering & Technology,UG,Aerospace Engineering; Bioengineering; Chemical Engineering; Computer Engineering; Computer Science; Computer Science & Engineering; Electrical Engineering; Environmental Engineering; Machine Learning & Neural Computation; Mechanical Engineering; Nanoengineering; Structural Engineering,"University of California, San Diego (UCSD)",66,4,249101.7964,20800000,117000,9769500,1.3484375,2.129075183
USA,Engineering & Technology,UG,Aerospace Engineering; Architectural Engineering; Biomedical Engineering; Chemical Engineering; Civil Engineering; Computational Engineering; Computer Science; Electrical & Computer Engineering; Environmental Engineering; Mechanical Engineering; Petroleum Engineering; Software Engineering,University of Texas at Austin,68,4,249101.7964,20800000,113000,9435500,1.268149038,2.204440676
USA,Engineering & Technology,UG,Biomedical Engineering; Chemical Engineering; Civil Engineering; Computer Engineering; Computer Science; Electrical Engineering; Mechanical Engineering; Solid Mechanics,Brown University,69,4,249101.7964,20800000,112000,9352000,1.248076923,2.224123182
USA,Engineering & Technology,UG,"Aerospace Engineering; Agricultural & Biological Engineering; Bioengineering; Chemical & Biomolecular Engineering; Civil & Environmental Engineering; Computer Engineering; Computer Science; Electrical Engineering; Environmental Engineering; Industrial & Enterprise Systems Engineering; Materials Science & Engineering; Mechanical Science & Engineering; Nuclear, Plasma & Radiological Engineering; Systems Engineering",University of Illinois at Urbana-Champaign,70,4,249101.7964,20800000,120000,10020000,1.408653846,2.075848303
USA,Engineering & Technology,UG,Aeronautics & Astronautics; Bioengineering; Chemical Engineering; Civil & Environmental Engineering; Computer Engineering; Computer Science; Electrical & Computer Engineering; Environmental Engineering; Human Centered Design & Engineering; Industrial & Systems Engineering; Materials Science & Engineering; Mechanical Engineering,University of Washington,81,4,249101.7964,20800000,118000,9853000,1.368509615,2.111032173
USA,Engineering & Technology,UG,Aerospace Engineering; Architectural Engineering; Biomedical Engineering; Chemical Engineering; Civil Engineering; Computer Engineering; Computer Science; Electrical Engineering; Environmental Engineering; Industrial Engineering; Materials Science & Engineering; Mechanical Engineering; Nuclear Engineering; Petroleum & Natural Gas Engineering,Pennsylvania State University,82,4,249101.7964,20800000,105000,8767500,1.107572115,2.372398061
USA,Engineering & Technology,UG,Biomedical Engineering; Computer Engineering; Computer Science; Electrical & Computer Engineering; Mechanical Engineering; Systems Engineering,Boston University,88,4,249101.7964,20800000,107000,8934500,1.147716346,2.328054172
USA,Engineering & Technology,UG,Aeronautical & Astronautical Engineering; Agricultural & Biological Engineering; Biomedical Engineering; Chemical Engineering; Civil Engineering; Computer & Information Technology; Computer Engineering; Computer Science; Construction Engineering & Management; Electrical & Computer Engineering; Environmental & Ecological Engineering; Industrial Engineering; Interdisciplinary Engineering; Materials Engineering; Mechanical Engineering; Nuclear Engineering,Purdue University,88,4,249101.7964,20800000,110000,9185000,1.207932692,2.264561786
USA,Engineering & Technology,UG,Biomedical Engineering; Chemical Engineering; Civil & Environmental Engineering; Computer Engineering; Computer Science; Electrical Engineering; Engineering Mechanics; Environmental Engineering; Industrial & Systems Engineering; Materials Science & Engineering; Mechanical Engineering; Nuclear Engineering,University of Wisconsin-Madison,110,4,249101.7964,20800000,110000,9185000,1.207932692,2.264561786
USA,Engineering & Technology,UG,Aerospace Science & Engineering; Biological & Agricultural Engineering; Biomedical Engineering; Chemical Engineering; Civil & Environmental Engineering; Computer Engineering; Computer Science; Electrical Engineering; Environmental Engineering; Materials Science & Engineering; Mechanical & Aerospace Engineering,"University of California, Davis",114,4,249101.7964,20800000,107000,8934500,1.147716346,2.328054172
USA,Engineering & Technology,UG,Bioengineering; Chemical & Biomolecular Engineering; Civil & Environmental Engineering; Computer Science; Electrical & Computer Engineering; Environmental Engineering; Materials Science & Engineering; Mechanical Engineering; Statistics,Rice University,119,4,249101.7964,20800000,118000,9853000,1.368509615,2.111032173
USA,Engineering & Technology,UG,Aerospace Engineering; Biomedical Engineering; Chemical & Biomolecular Engineering; Civil Engineering; Computer Engineering; Computer Science; Electrical Engineering; Environmental Engineering; Industrial & Systems Engineering; Materials Science & Engineering; Mechanical Engineering; Nuclear & Radiological Engineering,Georgia Institute of Technology,123,4,249101.7964,20800000,118000,9853000,1.368509615,2.111032173
USA,Engineering & Technology,UG,Applied Sciences; Biomedical Engineering; Computer Science,University of North Carolina at Chapel Hill,140,4,249101.7964,20800000,107000,8934500,1.147716346,2.328054172
USA,Engineering & Technology,UG,Aerospace Engineering; Agricultural Engineering; Biomedical Engineering; Chemical Engineering; Civil Engineering; Computer Engineering; Computer Science; Construction Science; Electrical Engineering; Environmental Engineering; Industrial Engineering; Mechanical Engineering; Nuclear Engineering; Ocean Engineering; Petroleum Engineering,Texas A&M University,144,4,249101.7964,20800000,105000,8767500,1.107572115,2.372398061
USA,Engineering & Technology,UG,Aerospace & Mechanical Engineering; Astronautical Engineering; Biomedical Engineering; Chemical Engineering; Civil Engineering; Computer Engineering; Computer Science; Electrical & Computer Engineering; Environmental Engineering; Industrial & Systems Engineering; Materials Science,University of Southern California,146,4,249101.7964,20800000,115000,9602500,1.308293269,2.166102577
USA,Engineering & Technology,UG,Biosystems & Agricultural Engineering; Chemical Engineering; Civil Engineering; Computer Engineering; Computer Science; Electrical Engineering; Environmental Engineering; Materials Science & Engineering; Mechanical Engineering,Michigan State University,161,4,249101.7964,20800000,98000,8183000,0.967067308,2.541855065
USA,Engineering & Technology,UG,"Biomedical Engineering; Chemical Engineering; Computer Science; Electrical Engineering; Energy, Environmental & Chemical Engineering; Mechanical Engineering; Systems Science & Engineering",Washington University in St. Louis,167,4,249101.7964,20800000,115000,9602500,1.308293269,2.166102577
USA,Engineering & Technology,UG,Aerospace Engineering; Biomedical Engineering; Chemical Engineering; Civil Engineering; Computer Engineering; Computer Science; Construction Management; Electrical Engineering; Environmental Engineering; Industrial Engineering; Materials Science; Mechanical Engineering; Software Engineering,Arizona State University,173,4,249101.7964,20800000,96000,8016000,0.926923077,2.594810379
USA,Engineering & Technology,UG,Chemical Engineering; Computer Engineering; Computer Science; Electrical Engineering; Materials; Mechanical Engineering,"University of California, Santa Barbara (UCSB)",179,4,249101.7964,20800000,112000,9352000,1.248076923,2.224123182
USA,Engineering & Technology,UG,Computer Science,Emory University,182,4,249101.7964,20800000,108000,9018000,1.167788462,2.306498115
USA,Engineering & Technology,UG,"Aerospace Engineering; Biomedical Engineering; Chemical Engineering; Civil Engineering; Computer Engineering; Computer Science; Electrical & Computer Engineering; Environmental Engineering; Food, Agricultural & Biological Engineering; Industrial & Systems Engineering; Materials Science & Engineering; Mechanical Engineering; Welding Engineering",Ohio State University,190,4,249101.7964,20800000,100000,8350000,1.007211538,2.491017964
USA,Engineering & Technology,UG,Aerospace Engineering; Bioengineering; Chemical & Biomolecular Engineering; Civil & Environmental Engineering; Computer Engineering; Computer Science; Electrical Engineering; Fire Protection Engineering; Materials Science & Engineering; Mechanical Engineering; Reliability Engineering,"University of Maryland, College Park",207,4,249101.7964,20800000,112000,9352000,1.248076923,2.224123182
USA,Engineering & Technology,UG,Aerospace Engineering; Biomedical Engineering; Chemical Engineering; Civil Engineering; Computer Engineering; Computer Science; Electrical Engineering; Environmental Engineering; Industrial & Systems Engineering; Materials Science & Engineering; Mechanical Engineering,University of Minnesota Twin Cities,210,4,249101.7964,20800000,105000,8767500,1.107572115,2.372398061
USA,Engineering & Technology,UG,Aerospace Engineering; Agricultural & Biological Engineering; Biomedical Engineering; Chemical Engineering; Civil Engineering; Computer Engineering; Computer Science; Electrical Engineering; Environmental Engineering; Industrial & Systems Engineering; Materials Science & Engineering; Mechanical Engineering; Nuclear Engineering,University of Florida,212,4,249101.7964,20800000,103000,8600500,1.067427885,2.418464043
USA,Engineering & Technology,UG,Biomedical Engineering; Chemical Engineering; Computer Science; Electrical & Computer Engineering; Mechanical Engineering,University of Rochester,236,4,249101.7964,20800000,105000,8767500,1.107572115,2.372398061
USA,Engineering & Technology,UG,Computer Science; Engineering Sciences,Dartmouth College,247,4,249101.7964,20800000,112000,9352000,1.248076923,2.224123182
USA,Engineering & Technology,UG,Chemical Engineering; Civil & Environmental Engineering; Computer Engineering; Computer Science; Electrical & Computer Engineering; Environmental Engineering; Industrial Engineering; Mechanical Engineering,University of Massachusetts Amherst,247,4,249101.7964,20800000,100000,8350000,1.007211538,2.491017964
USA,Engineering & Technology,UG,Biomedical Engineering; Chemical Engineering; Civil Engineering; Computer Engineering; Computer Science; Electrical Engineering; Environmental Engineering; Mechanical Engineering,Vanderbilt University,250,4,249101.7964,20800000,112000,9352000,1.248076923,2.224123182
USA,Engineering & Technology,UG,Aerospace Engineering; Biological & Agricultural Engineering; Biomedical Engineering; Chemical Engineering; Civil Engineering; Computer Engineering; Computer Science; Electrical Engineering; Environmental Engineering; Industrial & Systems Engineering; Materials Science & Engineering; Mechanical Engineering; Nuclear Engineering; Textile Engineering,North Carolina State University,272,4,249101.7964,20800000,103000,8600500,1.067427885,2.418464043
USA,Engineering & Technology,UG,Biomedical Engineering; Chemical Engineering; Civil Engineering; Computer Engineering; Computer Science; Electrical Engineering; Materials Science; Mechanical & Aerospace Engineering; Systems Engineering,University of Virginia,275,4,249101.7964,20800000,108000,9018000,1.167788462,2.306498115
USA,Engineering & Technology,UG,Bioengineering; Chemical Engineering; Civil & Environmental Engineering; Computer Engineering; Computer Science; Electrical & Computer Engineering; Industrial Engineering; Materials Science & Engineering; Mechanical Engineering,University of Pittsburgh,281,4,249101.7964,20800000,100000,8350000,1.007211538,2.491017964
USA,Engineering & Technology,UG,Computer Science,Georgetown University,285,4,249101.7964,20800000,108000,9018000,1.167788462,2.306498115
USA,Engineering & Technology,UG,Aerospace Engineering; Biomedical Engineering; Chemical Engineering; Civil Engineering; Computer Engineering; Computer Science; Electrical & Computer Engineering; Environmental Engineering; Materials Science; Mechanical Engineering; Mining Engineering; Systems Engineering,University of Arizona,287,4,249101.7964,20800000,96000,8016000,0.926923077,2.594810379
USA,Engineering & Technology,UG,Aerospace Engineering; Biomedical Engineering; Chemical Engineering; Civil Engineering; Computer Engineering; Computer Science; Electrical Engineering; Environmental Engineering; Materials Science; Mechanical Engineering; Software Engineering,"University of California, Irvine",293,4,249101.7964,20800000,110000,9185000,1.207932692,2.264561786
USA,Engineering & Technology,UG,Aerospace Engineering; Biomedical Engineering; Chemical Engineering; Civil Engineering; Computer Engineering; Computer Science; Electrical Engineering; Environmental Engineering; Materials Science; Mechanical Engineering,Case Western Reserve University,294,4,249101.7964,20800000,103000,8600500,1.067427885,2.418464043
USA,Engineering & Technology,UG,Aerospace & Mechanical Engineering; Chemical & Biomolecular Engineering; Civil Engineering; Computer Science; Electrical Engineering; Environmental Engineering; Materials Science,University of Notre Dame,294,4,249101.7964,20800000,108000,9018000,1.167788462,2.306498115
USA,Engineering & Technology,UG,Aerospace Engineering; Chemical Engineering; Civil Engineering; Computer Science; Electrical Engineering; Environmental Engineering; Mechanical Engineering,University of Colorado Boulder,299,4,249101.7964,20800000,100000,8350000,1.007211538,2.491017964
USA,Engineering & Technology,UG,Computer Science; Data Science; Informatics; Intelligent Systems Engineering,Indiana University Bloomington,306,4,249101.7964,20800000,96000,8016000,0.926923077,2.594810379
USA,Engineering & Technology,UG,Biomedical Engineering; Civil Engineering; Computer Science; Electrical & Computer Engineering; Environmental Engineering; Industrial Engineering; Mechanical Engineering,University of Miami,314,4,249101.7964,20800000,100000,8350000,1.007211538,2.491017964
USA,Engineering & Technology,UG,Biomedical Engineering; Chemical Engineering; Civil Engineering; Computer Engineering; Computer Science; Electrical & Computer Engineering; Environmental Engineering; Industrial Engineering; Materials Science; Mechanical Engineering,Rutgers University – New Brunswick,328,4,249101.7964,20800000,100000,8350000,1.007211538,2.491017964
USA,Engineering & Technology,UG,Biomedical Engineering; Chemical Engineering; Civil Engineering; Computer Engineering; Computer Science; Electrical Engineering; Environmental Engineering; Mechanical Engineering,Tufts University,334,4,249101.7964,20800000,108000,9018000,1.167788462,2.306498115
USA,Engineering & Technology,UG,Bioengineering; Chemical Engineering; Civil Engineering; Computer Engineering; Computer Science; Electrical Engineering; Environmental Engineering; Industrial Engineering; Mechanical Engineering,University of Illinois Chicago (UIC),334,4,249101.7964,20800000,96000,8016000,0.926923077,2.594810379
USA,Engineering & Technology,UG,Biomedical Engineering; Civil Engineering; Computer Engineering; Computer Science; Electrical Engineering; Environmental Engineering; Mechanical Engineering; Systems Engineering,George Washington University,358,4,249101.7964,20800000,100000,8350000,1.007211538,2.491017964
USA,Engineering & Technology,UG,Aerospace Engineering; Biological Systems Engineering; Biomedical Engineering; Chemical Engineering; Civil Engineering; Computer Engineering; Computer Science; Electrical Engineering; Environmental Engineering; Industrial & Systems Engineering; Materials Science; Mechanical Engineering; Mining Engineering; Ocean Engineering,Virginia Polytechnic Institute (Virginia Tech),358,4,249101.7964,20800000,103000,8600500,1.067427885,2.418464043
USA,Engineering & Technology,UG,Bioengineering; Chemical Engineering; Civil Engineering; Computer Engineering; Computer Science; Electrical Engineering; Environmental Engineering; Industrial Engineering; Mechanical Engineering; Robotics,Northeastern University,384,4,249101.7964,20800000,108000,9018000,1.167788462,2.306498115
USA,Engineering & Technology,UG,Aerospace Engineering; Biomedical Engineering; Chemical Engineering; Civil Engineering; Computer Engineering; Computer Science; Electrical Engineering; Environmental Engineering; Industrial & Systems Engineering; Materials Design & Innovation; Mechanical Engineering,"University at Buffalo, SUNY",410,4,249101.7964,20800000,96000,8016000,0.926923077,2.594810379
USA,Engineering & Technology,UG,Bioengineering; Chemical Engineering; Civil Engineering; Computer Engineering; Computer Science; Electrical Engineering; Environmental Engineering; Materials Science; Mechanical Engineering,Washington State University,423,4,249101.7964,20800000,93000,7765500,0.866706731,2.67851394
USA,Engineering & Technology,UG,Bioengineering; Chemical Engineering; Computer Engineering; Computer Science; Electrical Engineering; Environmental Engineering; Materials Science; Mechanical Engineering,"University of California, Riverside",440,4,249101.7964,20800000,100000,8350000,1.007211538,2.491017964
USA,Engineering & Technology,UG,Aerospace Engineering; Agricultural Engineering; Biomedical Engineering; Chemical Engineering; Civil Engineering; Computer Engineering; Computer Science; Construction Engineering; Electrical Engineering; Environmental Engineering; Industrial Engineering; Materials Engineering; Mechanical Engineering; Software Engineering,Iowa State University,449,4,249101.7964,20800000,95000,7932500,0.906850962,2.622124173
USA,Engineering & Technology,UG,Biomedical Engineering; Chemical Engineering; Civil Engineering; Computer Engineering; Computer Science; Electrical Engineering; Environmental Engineering; Materials Science; Mechanical Engineering,"Stony Brook University, SUNY",452,4,249101.7964,20800000,103000,8600500,1.067427885,2.418464043
USA,Engineering & Technology,UG,Biomedical Engineering; Chemical Engineering; Civil Engineering; Computer Engineering; Computer Science; Construction Management; Electrical Engineering; Environmental Engineering; Mechanical Engineering,Colorado State University,458,4,249101.7964,20800000,92000,7682000,0.846634615,2.707628222
USA,Engineering & Technology,UG,Computer Engineering; Computer Science; Electrical Engineering; Technology & Information Management,"University of California, Santa Cruz",458,4,249101.7964,20800000,108000,9018000,1.167788462,2.306498115
USA,Engineering & Technology,UG,Aerospace Engineering; Chemical Engineering; Civil Engineering; Computer Engineering; Computer Science; Electrical Engineering; Environmental Engineering; Mechanical Engineering; Petroleum Engineering,University of Kansas,465,4,249101.7964,20800000,88000,7348000,0.766346154,2.830702232
USA,Engineering & Technology,UG,Agricultural & Biological Engineering; Computer Science; Environmental Engineering; Pharmaceutical & Biomedical Engineering,The University of Georgia,525,4,249101.7964,20800000,95000,7932500,0.906850962,2.622124173
USA,Engineering & Technology,UG,Computer Science,Boston College,526,4,249101.7964,20800000,103000,8600500,1.067427885,2.418464043
USA,Engineering & Technology,UG,Biomedical Engineering; Chemical Engineering; Civil Engineering; Computer Science; Electrical Engineering; Environmental Engineering; Industrial Engineering; Mechanical Engineering,University of Iowa,530,4,249101.7964,20800000,90000,7515000,0.806490385,2.767797738
USA,Engineering & Technology,UG,Biomedical Engineering; Chemical Engineering; Civil Engineering; Computer Engineering; Computer Science; Electrical Engineering; Environmental Engineering; Materials Science; Mechanical Engineering,University of Connecticut,534,4,249101.7964,20800000,96000,8016000,0.926923077,2.594810379
USA,Engineering & Technology,UG,Biomedical Engineering; Chemical Engineering; Civil Engineering; Computer Engineering; Computer Science; Electrical & Computer Engineering; Environmental Engineering; Materials Science; Mechanical Engineering; Mining Engineering,University of Utah,540,4,249101.7964,20800000,100000,8350000,1.007211538,2.491017964
USA,Engineering & Technology,UG,Civil Engineering; Computer Engineering; Computer Science; Electrical Engineering; Environmental Engineering; Mechanical Engineering; Ocean & Resources Engineering,University of Hawaii at Mānoa,546,4,249101.7964,20800000,82000,6847000,0.645913462,3.037826785
USA,Engineering & Technology,UG,Biomedical Engineering; Chemical Engineering; Civil Engineering; Computer Engineering; Computer Science; Electrical Engineering; Environmental Engineering; Industrial Engineering; Materials Science; Mechanical Engineering,Florida State University,549,4,249101.7964,20800000,93000,7765500,0.866706731,2.67851394
USA,Engineering & Technology,UG,Biomedical Engineering; Chemical Engineering; Civil Engineering; Computer & Information Sciences; Electrical & Computer Engineering; Environmental Engineering; Materials Science; Mechanical Engineering,University of Delaware,553,4,249101.7964,20800000,96000,8016000,0.926923077,2.594810379
USA,Engineering & Technology,UG,Chemical Engineering; Civil Engineering; Computer Engineering; Computer Science; Electrical Engineering; Environmental Engineering; Industrial Engineering; Mechanical Engineering; Petroleum Engineering,University of Houston,556,4,249101.7964,20800000,93000,7765500,0.866706731,2.67851394
USA,Engineering & Technology,UG,Chemical Engineering; Civil Engineering; Computer Science; Electrical Engineering; Engineering; Environmental Engineering; Geological Engineering; Materials Science; Mechanical Engineering; Mining Engineering; Petroleum Engineering,Colorado School of Mines,571,4,249101.7964,20800000,105000,8767500,1.107572115,2.372398061
USA,Engineering & Technology,UG,Biomedical Engineering; Civil Engineering; Computer Engineering; Computer Science; Construction Management; Electrical Engineering; Environmental Engineering; Industrial Engineering; Mechanical Engineering,Florida International University,582,4,249101.7964,20800000,85000,7097500,0.706129808,2.930609369
USA,Engineering & Technology,UG,Computer Science,American University,587,4,249101.7964,20800000,90000,7515000,0.806490385,2.767797738
USA,Engineering & Technology,UG,Architectural Engineering; Biomedical Engineering; Chemical Engineering; Civil Engineering; Computer Engineering; Computer Science; Computer Information Systems; Electrical Engineering; Environmental Engineering; Materials Science; Mechanical Engineering,Illinois Institute of Technology,591,4,249101.7964,20800000,100000,8350000,1.007211538,2.491017964
USA,Engineering & Technology,UG,Biomedical Engineering; Chemical Engineering; Civil Engineering; Computer Science; Electrical Engineering; Environmental Engineering; Mechanical Engineering,Tulane University,597,4,249101.7964,20800000,100000,8350000,1.007211538,2.491017964
USA,Engineering & Technology,UG,Computer Engineering; Computer Science; Electrical Engineering; Materials Science; Mechanical Engineering; Software Engineering; Systems Engineering & Management,University of Texas at Dallas,597,4,249101.7964,20800000,103000,8600500,1.067427885,2.418464043
USA,Engineering & Technology,UG,Biomedical Engineering; Chemical Engineering; Civil Engineering; Computer Engineering; Computer Science; Electrical Engineering; Environmental Engineering; Industrial Engineering; Materials Science; Mechanical Engineering; Nuclear Engineering,University of Tennessee,607,4,249101.7964,20800000,90000,7515000,0.806490385,2.767797738
USA,Engineering & Technology,UG,Biomedical Engineering; Chemical Engineering; Civil Engineering; Computer Engineering; Computer Science; Electrical Engineering; Environmental Engineering; Mechanical Engineering,City University of New York (CUNY),613,4,249101.7964,20800000,82000,6847000,0.645913462,3.037826785
USA,Engineering & Technology,UG,Biological & Ecological Engineering; Chemical Engineering; Civil Engineering; Computer Engineering; Computer Science; Electrical Engineering; Environmental Engineering; Industrial Engineering; Manufacturing Engineering; Materials Science; Mechanical Engineering; Nuclear Engineering,Oregon State University,624,4,249101.7964,20800000,96000,8016000,0.926923077,2.594810379
USA,Engineering & Technology,UG,Computer Science,Yeshiva University,624,4,249101.7964,20800000,88000,7348000,0.766346154,2.830702232
USA,Engineering & Technology,UG,Aerospace Engineering; Chemical Engineering; Civil Engineering; Computer Engineering; Computer Science; Electrical Engineering; Environmental Engineering; Explosives Engineering; Geological Engineering; Materials Science; Mechanical Engineering; Mining Engineering; Nuclear Engineering; Petroleum Engineering,Missouri University of Science and Technology,628,4,249101.7964,20800000,98000,8183000,0.967067308,2.541855065
USA,Engineering & Technology,UG,Chemical Engineering; Civil Engineering; Computer Engineering; Computer Science; Electrical Engineering; Environmental Engineering; Mechanical Engineering; Nuclear Engineering,University of South Carolina,628,4,249101.7964,20800000,88000,7348000,0.766346154,2.830702232
USA,Engineering & Technology,UG,Biomedical Engineering; Chemical Engineering; Civil Engineering; Computer Engineering; Computer Science; Electrical Engineering; Environmental Engineering; Industrial Engineering; Mechanical Engineering,University of South Florida,654,4,249101.7964,20800000,90000,7515000,0.806490385,2.767797738
USA,Engineering & Technology,UG,Aerospace Engineering; Chemical Engineering; Civil Engineering; Computer Science; Electrical & Computer Engineering; Environmental Engineering; Mechanical Engineering; Petroleum Engineering,University of Oklahoma,664,4,249101.7964,20800000,87000,7264500,0.746274038,2.863239039
USA,Engineering & Technology,UG,Bioengineering; Chemical Engineering; Civil Engineering; Computer Engineering; Computer Science; Electrical Engineering; Environmental Engineering; Industrial Engineering; Materials Science; Mechanical Engineering,Lehigh University,668,4,249101.7964,20800000,105000,8767500,1.107572115,2.372398061
USA,Engineering & Technology,UG,Biomedical Engineering; Chemical Engineering; Civil Engineering; Computer Engineering; Computer Science; Cybersecurity; Electrical Engineering; Environmental Engineering; Mechanical Engineering; Naval Engineering; Ocean Engineering; Software Engineering,Stevens Institute of Technology,673,4,249101.7964,20800000,108000,9018000,1.167788462,2.306498115
USA,Engineering & Technology,UG,Aerospace Engineering; Biomedical Engineering; Chemical Engineering; Civil Engineering; Computer Engineering; Computer Science; Electrical Engineering; Environmental Engineering; Industrial & Management Engineering; Materials Engineering; Mechanical Engineering; Nuclear Engineering,Rensselaer Polytechnic Institute,695,4,249101.7964,20800000,105000,8767500,1.107572115,2.372398061
USA,Engineering & Technology,UG,Biomedical Engineering; Chemical Engineering; Civil Engineering; Computer Engineering; Computer Science; Electrical Engineering; Environmental Engineering; Industrial Engineering; Mechanical Engineering,"University of Missouri, Columbia",697,4,249101.7964,20800000,88000,7348000,0.766346154,2.830702232
USA,Engineering & Technology,UG,Aerospace Engineering; Civil Engineering; Computer Engineering; Computer Science; Electrical Engineering; Environmental Engineering; Industrial Engineering; Materials Science; Mechanical Engineering,University of Central Florida,701-710,4,249101.7964,20800000,92000,7682000,0.846634615,2.707628222
USA,Engineering & Technology,UG,Biomedical Engineering; Chemical Engineering; Civil Engineering; Computer Engineering; Computer Science; Electrical Engineering; Environmental Engineering; Materials Science; Mechanical Engineering; Software Engineering,Drexel University,711-720,4,249101.7964,20800000,100000,8350000,1.007211538,2.491017964
UK,Engineering & Technology,UG,Chemical Engineering; Civil Engineering; Computer Science; Electrical & Electronic Engineering; Engineering (General); Information Engineering; Manufacturing Engineering; Mechanical Engineering; Structural Engineering,University of Cambridge,6,3,243809.5238,25600000,52000,5460000,0.06640625,4.688644689
UK,Engineering & Technology,UG,Biochemical Engineering; Civil Engineering; Chemical Engineering; Computer Science; Electronic & Electrical Engineering; Environmental Engineering; Mechanical Engineering; Nanotechnology,UCL (University College London),9,3,243809.5238,25600000,48000,5040000,-0.015625,5.079365079
UK,Engineering & Technology,UG,Computer Science; Electronic Engineering; Informatics; Robotics,King's College London (KCL),31,3,243809.5238,25600000,46000,4830000,-0.056640625,5.300207039
UK,Engineering & Technology,UG,Artificial Intelligence; Chemical Engineering; Civil Engineering; Computer Science; Electronic Engineering; Electrical Engineering; Informatics; Mechanical Engineering; Structural Engineering,University of Edinburgh,34,4,243809.5238,25600000,47000,4935000,-0.036132813,5.187436677
UK,Engineering & Technology,UG,Aerospace Engineering; Chemical Engineering; Civil Engineering; Computer Science; Electrical & Electronic Engineering; Environmental Engineering; Materials Science; Mechanical Engineering; Structural Engineering,The University of Manchester,35,3,243809.5238,25600000,45000,4725000,-0.077148438,5.417989418
UK,Engineering & Technology,UG,Aerospace Engineering; Bioengineering; Civil Engineering; Computer Science; Electrical & Electronic Engineering; Electronic Engineering; Engineering Mathematics; Mechanical Engineering,University of Bristol,51,3,243809.5238,25600000,45000,4725000,-0.077148438,5.417989418
UK,Engineering & Technology,UG,Data Science (Statistics & Maths pathway only),London School of Economics and Political Science (LSE),56,3,243809.5238,25600000,52000,5460000,0.06640625,4.688644689
UK,Engineering & Technology,UG,Civil Engineering; Computer & Systems Engineering; Computer Science; Electronic Engineering; Engineering; Manufacturing & Mechanical Engineering; Mechanical Engineering,The University of Warwick,74,3,243809.5238,25600000,46000,4830000,-0.056640625,5.300207039
UK,Engineering & Technology,UG,Aerospace Engineering; Chemical Engineering; Civil Engineering; Computer Science; Electrical Engineering; Electronic Engineering; Environmental Engineering; Materials Science; Mechanical Engineering; Metallurgy; Nuclear Engineering,University of Birmingham,76,3,243809.5238,25600000,43000,4515000,-0.118164063,5.669988926
UK,Engineering & Technology,UG,Aerospace Engineering; Biomedical Engineering; Civil Engineering; Computer Science; Electrical Engineering; Electronic Engineering; Mechanical Engineering; Software Engineering,University of Glasgow,79,4,243809.5238,25600000,43000,4515000,-0.118164063,5.669988926
UK,Engineering & Technology,UG,Aerospace Engineering; Architectural Engineering; Chemical Engineering; Civil Engineering; Computer Science; Electronic Engineering; Environmental Engineering; Materials Engineering; Mechanical Engineering,University of Leeds,86,3,243809.5238,25600000,42000,4410000,-0.138671875,5.804988662
UK,Engineering & Technology,UG,Acoustical Engineering; Aerospace Engineering; Biomedical Engineering; Civil Engineering; Computer Science; Electronic Engineering; Environmental Engineering; Mechanical Engineering; Ship Science,University of Southampton,87,3,243809.5238,25600000,43000,4515000,-0.118164063,5.669988926
UK,Engineering & Technology,UG,Aerospace Engineering; Bioengineering; Chemical Engineering; Civil Engineering; Computer Science; Electrical Engineering; Electronic Engineering; Materials Engineering; Mechanical Engineering; Structural Engineering,The University of Sheffield,92,3,243809.5238,25600000,42000,4410000,-0.138671875,5.804988662
UK,Engineering & Technology,UG,Computer Science; Electronic Engineering; General Engineering; Mechanical Engineering,Durham University,94,3,243809.5238,25600000,44000,4620000,-0.09765625,5.541125541
UK,Engineering & Technology,UG,Aerospace Engineering; Architecture & Environmental Design; Chemical Engineering; Civil Engineering; Computer Science; Electrical & Electronic Engineering; Environmental Engineering; Mechanical Engineering,The University of Nottingham,97,3,243809.5238,25600000,42000,4410000,-0.138671875,5.804988662
UK,Engineering & Technology,UG,Aerospace Engineering; Computer Science; Electronic Engineering; Materials Engineering; Mechanical Engineering,Queen Mary University of London (QMUL),110,3,243809.5238,25600000,42000,4410000,-0.138671875,5.804988662
UK,Engineering & Technology,UG,Computer Science,University of St Andrews,113,4,243809.5238,25600000,42000,4410000,-0.138671875,5.804988662
UK,Engineering & Technology,UG,Aerospace Engineering; Architectural Engineering; Chemical Engineering; Civil Engineering; Computer Science; Electronic & Electrical Engineering; Materials Engineering; Mechanical Engineering,University of Bath,132,3,243809.5238,25600000,44000,4620000,-0.09765625,5.541125541
UK,Engineering & Technology,UG,Chemical Engineering; Civil Engineering; Computer Science; Electrical & Electronic Engineering; Environmental Engineering; Marine Technology; Mechanical Engineering; Structural Engineering,Newcastle University,137,3,243809.5238,25600000,40000,4200000,-0.1796875,6.095238095
UK,Engineering & Technology,UG,Aerospace Engineering; Civil Engineering; Computer Science; Electrical Engineering; Electronic Engineering; Materials Science; Mechanical Engineering,University of Liverpool,147,3,243809.5238,25600000,39000,4095000,-0.200195313,6.251526252
UK,Engineering & Technology,UG,Computer Science; Engineering (General); Environmental Engineering; Mechanical Engineering; Renewable Energy,University of Exeter,155,3,243809.5238,25600000,40000,4200000,-0.1796875,6.095238095
UK,Engineering & Technology,UG,Computer Science; Electronic Engineering; Engineering; Mechanical Engineering,Lancaster University,157,3,243809.5238,25600000,39000,4095000,-0.200195313,6.251526252
UK,Engineering & Technology,UG,Computer Science; Electronic Engineering; Embedded Systems,University of York,169,3,243809.5238,25600000,39000,4095000,-0.200195313,6.251526252
UK,Engineering & Technology,UG,Aerospace Engineering; Civil Engineering; Computer Science; Electrical Engineering; Electronic Engineering; Environmental Engineering; Mechanical Engineering,Cardiff University (Prifysgol Caerdydd),181,3,243809.5238,25600000,38000,3990000,-0.220703125,6.4160401
UK,Engineering & Technology,UG,Computer Science; Electronic Engineering,University of Reading,194,3,243809.5238,25600000,37000,3885000,-0.241210938,6.589446589
UK,Engineering & Technology,UG,Aerospace Engineering; Chemical Engineering; Civil Engineering; Computer Science; Electrical Engineering; Electronic Engineering; Environmental Engineering; Mechanical Engineering; Software Engineering,Queen's University Belfast,199,3,243809.5238,25600000,37000,3885000,-0.241210938,6.589446589
UK,Engineering & Technology,UG,Aeronautical Engineering; Chemical Engineering; Civil Engineering; Computer Science; Electronic & Electrical Engineering; Materials Science; Mechanical Engineering,Loughborough University,225,3,243809.5238,25600000,39000,4095000,-0.200195313,6.251526252
UK,Engineering & Technology,UG,Aerospace Engineering; Chemical Engineering; Civil Engineering; Computer Science; Electronic Engineering; Electrical Engineering; Mechanical Engineering; Naval Architecture,University of Strathclyde,251,4,243809.5238,25600000,38000,3990000,-0.220703125,6.4160401
UK,Engineering & Technology,UG,Civil Engineering; Computer Science; Electrical Engineering; Mechanical Engineering; Petroleum Engineering,University of Aberdeen,262,4,243809.5238,25600000,36000,3780000,-0.26171875,6.772486772
UK,Engineering & Technology,UG,Civil Engineering; Computer Science; Electrical Engineering; Electronic Engineering; Mechanical Engineering,University of Surrey,262,3,243809.5238,25600000,40000,4200000,-0.1796875,6.095238095
UK,Engineering & Technology,UG,Computer Science; Electrical Engineering; Electronic Engineering; Mechanical Engineering,University of Sussex,278,3,243809.5238,25600000,37000,3885000,-0.241210938,6.589446589
UK,Engineering & Technology,UG,Chemical Engineering; Civil Engineering; Computer Science; Electrical Engineering; Mechanical Engineering; Petroleum Engineering; Robotics & Mechatronics,Heriot-Watt University,287,4,243809.5238,25600000,38000,3990000,-0.220703125,6.4160401
UK,Engineering & Technology,UG,Aerospace Engineering; Civil Engineering; Computer Science; Electrical Engineering; Electronic Engineering; Materials Science; Mechanical Engineering,Swansea University (Prifysgol Abertawe),292,3,243809.5238,25600000,35000,3675000,-0.282226563,6.965986395
UK,Engineering & Technology,UG,Aeronautical Engineering; Civil Engineering; Computer Science; Electrical Engineering; Electronic Engineering; Mechanical Engineering,"City St George's, University of London",310,3,243809.5238,25600000,38000,3990000,-0.220703125,6.4160401
UK,Engineering & Technology,UG,Aerospace Engineering; Computer Science; Electronic Engineering; Mechanical Engineering,University of Leicester,326,3,243809.5238,25600000,36000,3780000,-0.26171875,6.772486772
UK,Engineering & Technology,UG,Automotive Engineering; Computer Science; Mechanical Engineering; Motorsport Engineering,Oxford Brookes University,374,3,243809.5238,25600000,33000,3465000,-0.323242188,7.388167388
UK,Engineering & Technology,UG,Computer Science; Environmental Sciences,University of East Anglia (UEA),381,3,243809.5238,25600000,34000,3570000,-0.302734375,7.170868347
UK,Engineering & Technology,UG,Aerospace Engineering; Civil Engineering; Computer Science; Electrical Engineering; Electronic Engineering; Mechanical Engineering; Product Design,Brunel University of London,385,3,243809.5238,25600000,36000,3780000,-0.26171875,6.772486772
UK,Engineering & Technology,UG,Computer Science,"Birkbeck, University of London",388,3,243809.5238,25600000,32000,3360000,-0.34375,7.619047619
UK,Engineering & Technology,UG,Chemical Engineering; Civil Engineering; Computer Science; Electronic Engineering; Mechanical Engineering,Aston University,395,3,243809.5238,25600000,37000,3885000,-0.241210938,6.589446589
UK,Engineering & Technology,UG,Computer Science; Electronic Engineering,University of Kent,397,3,243809.5238,25600000,33000,3465000,-0.323242188,7.388167388
UK,Engineering & Technology,UG,Applied Computing; Civil Engineering; Electrical Engineering; Mechanical Engineering,University of Dundee,428,4,243809.5238,25600000,34000,3570000,-0.302734375,7.170868347
UK,Engineering & Technology,UG,Computer Science; Electronic Engineering; Robotics,University of Essex,456,3,243809.5238,25600000,32000,3360000,-0.34375,7.619047619
UK,Engineering & Technology,UG,Computer Science; Electronic Engineering,"Royal Holloway, University of London",461,3,243809.5238,25600000,34000,3570000,-0.302734375,7.170868347
UK,Engineering & Technology,UG,N/A (no Engineering programmes),SOAS University of London,511,3,243809.5238,25600000,30000,3150000,-0.384765625,8.126984127
UK,Engineering & Technology,UG,Chemical Engineering; Civil Engineering; Computer Science; Electrical Engineering; Mechanical Engineering,University of Bradford,511,3,243809.5238,25600000,31000,3255000,-0.364257813,7.864823349
UK,Engineering & Technology,UG,Computer Science,University of Stirling,517,4,243809.5238,25600000,32000,3360000,-0.34375,7.619047619
UK,Engineering & Technology,UG,Computer Science; Electronic Engineering; Mechanical Engineering,University of Huddersfield,524,3,243809.5238,25600000,30000,3150000,-0.384765625,8.126984127
UK,Engineering & Technology,UG,Computer Science; Electronic Engineering; Mechanical Engineering,University of Hull,526,3,243809.5238,25600000,30000,3150000,-0.384765625,8.126984127
UK,Engineering & Technology,UG,Civil Engineering; Computer Science; Electrical Engineering; Mechanical Engineering,Northumbria University at Newcastle,550,3,243809.5238,25600000,32000,3360000,-0.34375,7.619047619
UK,Engineering & Technology,UG,Aerospace Engineering; Automotive Engineering; Civil Engineering; Computer Science; Electrical Engineering; Mechanical Engineering,Coventry University,558,3,243809.5238,25600000,30000,3150000,-0.384765625,8.126984127
UK,Engineering & Technology,UG,Computer Science; Electronic Engineering,Bangor University (Prifysgol Bangor),566,3,243809.5238,25600000,28000,2940000,-0.42578125,8.707482993
UK,Engineering & Technology,UG,Civil Engineering; Computer Science; Electrical Engineering; Mechanical Engineering,Nottingham Trent University (NTU),609,3,243809.5238,25600000,30000,3150000,-0.384765625,8.126984127
UK,Engineering & Technology,UG,Civil Engineering; Computer Science; Electrical Engineering; Mechanical Engineering,University of Ulster,609,4,243809.5238,25600000,30000,3150000,-0.384765625,8.126984127
UK,Engineering & Technology,UG,Civil Engineering; Computer Science; Electrical Engineering; Marine Engineering; Mechanical Engineering,University of Plymouth,613,3,243809.5238,25600000,28000,2940000,-0.42578125,8.707482993
UK,Engineering & Technology,UG,Civil Engineering; Computer Science; Electronic Engineering; Mechanical Engineering,University of Portsmouth,635,3,243809.5238,25600000,29000,3045000,-0.405273438,8.407224959
UK,Engineering & Technology,UG,Civil Engineering; Computer Science; Electrical Engineering; Mechanical Engineering,Manchester Metropolitan University (MMU),643,3,243809.5238,25600000,30000,3150000,-0.384765625,8.126984127
UK,Engineering & Technology,UG,Aerospace Engineering; Civil Engineering; Computer Science; Electrical Engineering; Mechanical Engineering,"Kingston University, London",660,3,243809.5238,25600000,28000,2940000,-0.42578125,8.707482993
UK,Engineering & Technology,UG,Computer Science,"Goldsmiths, University of London",711-720,3,243809.5238,25600000,30000,3150000,-0.384765625,8.126984127
UK,Engineering & Technology,UG,Aerospace Engineering; Computer Science; Electrical Engineering; Mechanical Engineering; Robotics,UWE Bristol (University of the West of England),721-730,3,243809.5238,25600000,30000,3150000,-0.384765625,8.126984127
UK,Engineering & Technology,UG,Computer Science,Aberystwyth University (Prifysgol Aberystwyth),741-750,3,243809.5238,25600000,27000,2835000,-0.446289063,9.029982363
UK,Engineering & Technology,UG,Computer Science,Bournemouth University,801-850,3,243809.5238,25600000,28000,2940000,-0.42578125,8.707482993
UK,Engineering & Technology,UG,Computer Science; Electrical Engineering,De Montfort University (DMU),801-850,3,243809.5238,25600000,27000,2835000,-0.446289063,9.029982363
UK,Engineering & Technology,UG,Computer Science,Keele University,801-850,3,243809.5238,25600000,27000,2835000,-0.446289063,9.029982363
UK,Engineering & Technology,UG,Computer Science; Electronic Engineering,Middlesex University,801-850,3,243809.5238,25600000,27000,2835000,-0.446289063,9.029982363
UK,Engineering & Technology,UG,Civil Engineering; Computer Science; Electrical Engineering; Mechanical Engineering,University of Brighton,801-850,3,243809.5238,25600000,27000,2835000,-0.446289063,9.029982363
UK,Engineering & Technology,UG,Civil Engineering; Computer Science; Electrical Engineering; Mechanical Engineering,University of Greenwich,801-850,3,243809.5238,25600000,27000,2835000,-0.446289063,9.029982363
UK,Engineering & Technology,UG,Computer Science; Engineering,University of Lincoln,801-850,3,243809.5238,25600000,27000,2835000,-0.446289063,9.029982363
UK,Engineering & Technology,UG,Computer Science; Electronic Engineering,University of Westminster,801-850,3,243809.5238,25600000,28000,2940000,-0.42578125,8.707482993
UK,Engineering & Technology,UG,Computer Science,Edinburgh Napier University,851-900,4,243809.5238,25600000,28000,2940000,-0.42578125,8.707482993
UK,Engineering & Technology,UG,Civil Engineering; Computer Science; Mechanical Engineering,Liverpool John Moores University (LJMU),851-900,3,243809.5238,25600000,27000,2835000,-0.446289063,9.029982363
UK,Engineering & Technology,UG,Civil Engineering; Computer Science; Electrical Engineering; Mechanical Engineering,London South Bank University (LSBU),901-950,3,243809.5238,25600000,26000,2730000,-0.466796875,9.377289377
UK,Engineering & Technology,UG,Aerospace Engineering; Computer Science; Electronic Engineering; Mechanical Engineering,University of Hertfordshire,901-950,3,243809.5238,25600000,27000,2835000,-0.446289063,9.029982363
UK,Engineering & Technology,UG,Civil Engineering; Computer Science; Electrical Engineering; Mechanical Engineering,University of Salford,901-950,3,243809.5238,25600000,27000,2835000,-0.446289063,9.029982363
UK,Engineering & Technology,UG,Computer Science; Electronic Engineering; Mechanical Engineering; Petroleum Engineering,The Robert Gordon University (RGU),951-1000,4,243809.5238,25600000,27000,2835000,-0.446289063,9.029982363
UK,Engineering & Technology,UG,Civil Engineering; Computer Science; Electrical Engineering; Mechanical Engineering,Birmingham City University (BCU),1001-1200,3,243809.5238,25600000,26000,2730000,-0.466796875,9.377289377
UK,Engineering & Technology,UG,Civil Engineering; Computer Science; Electrical Engineering; Mechanical Engineering,Glasgow Caledonian University (GCU),1001-1200,4,243809.5238,25600000,26000,2730000,-0.466796875,9.377289377
UK,Engineering & Technology,UG,Civil Engineering; Computer Science,Leeds Beckett University,1001-1200,3,243809.5238,25600000,25000,2625000,-0.487304688,9.752380952
UK,Engineering & Technology,UG,Computer Science; Electronic Engineering,London Metropolitan University,1001-1200,3,243809.5238,25600000,25000,2625000,-0.487304688,9.752380952
UK,Engineering & Technology,UG,Civil Engineering; Computer Science; Electronic Engineering; Mechanical Engineering,Sheffield Hallam University,1001-1200,3,243809.5238,25600000,27000,2835000,-0.446289063,9.029982363
UK,Engineering & Technology,UG,Aerospace Engineering; Civil Engineering; Computer Science; Electrical Engineering; Mechanical Engineering,University of Central Lancashire (UCLan),1001-1200,3,243809.5238,25600000,26000,2730000,-0.466796875,9.377289377
UK,Engineering & Technology,UG,Civil Engineering; Computer Science; Electrical Engineering; Mechanical Engineering,University of East London (UEL),1001-1200,3,243809.5238,25600000,24000,2520000,-0.5078125,10.15873016
UK,Engineering & Technology,UG,Civil Engineering; Computer Science; Electrical Engineering; Mechanical Engineering,University of Wolverhampton,1001-1200,3,243809.5238,25600000,24000,2520000,-0.5078125,10.15873016
UK,Engineering & Technology,UG,Computer Science,Canterbury Christ Church University (CCCU),1201-1400,3,243809.5238,25600000,23000,2415000,-0.528320313,10.60041408
UK,Engineering & Technology,UG,Computer Science,"Queen Margaret University, Edinburgh",1201-1400,4,243809.5238,25600000,24000,2520000,-0.5078125,10.15873016
UK,Engineering & Technology,UG,Computer Science,The University of Northampton,1201-1400,3,243809.5238,25600000,23000,2415000,-0.528320313,10.60041408
UK,Engineering & Technology,UG,Civil Engineering; Computer Science; Electronic Engineering; Mechanical Engineering,University of Derby,1201-1400,3,243809.5238,25600000,24000,2520000,-0.5078125,10.15873016
UK,Engineering & Technology,UG,Agricultural Engineering; Computer Science for Smart Farming; Mechanical Engineering (Agricultural),Harper Adams University,1401+,3,243809.5238,25600000,28000,2940000,-0.42578125,8.707482993
Sweden,Engineering & Technology,UG,Architecture & Industrial Design; Biomedical Engineering; Chemical Engineering; Civil Engineering; Computer Science; Electrical Engineering; Environmental Engineering; Fire Safety Engineering; Industrial Design; Industrial Engineering & Management; Information & Communication Technology; Materials Engineering; Mechanical Engineering; Surveying & Spatial Planning; Technical Physics,Lund University,72,3,1551282.051,12100000,480000,3744000,0.547107438,3.231837607
Sweden,Engineering & Technology,UG,Aerospace Engineering; Architecture; Biomedical Engineering; Chemical Engineering; Civil Engineering; Computer Science; Electrical Engineering; Environmental Engineering; Industrial Engineering & Management; Information Technology; Materials Science; Mechanical Engineering; Naval Architecture; Nuclear Energy Engineering; Sustainable Technology; Vehicle Engineering,KTH Royal Institute of Technology,78,3,1551282.051,12100000,520000,4056000,0.676033058,2.983234714
Sweden,Engineering & Technology,UG,Computer Science; Electrical Engineering; Engineering Physics; Industrial Engineering & Management; Materials Engineering; Mechanical Engineering; Sociotechnical Systems Engineering,Uppsala University,93,3,1551282.051,12100000,470000,3666000,0.514876033,3.300600109
Sweden,Engineering & Technology,UG,Computer Science; Computer & Systems Sciences,Stockholm University,147,3,1551282.051,12100000,440000,3432000,0.418181818,3.525641026
Sweden,Engineering & Technology,UG,Architecture; Automation & Mechatronics Engineering; Bioengineering; Chemical Engineering; Civil Engineering; Computer Science; Data Science; Electrical Engineering; Engineering Mathematics; Environmental Engineering; Industrial Design Engineering; Industrial Engineering & Management; Information Technology; Marine Technology; Materials Science; Mechanical Engineering; Software Engineering; Wireless & Photonics Engineering,Chalmers University of Technology,165,3,1551282.051,12100000,510000,3978000,0.643801653,3.041729512
Sweden,Engineering & Technology,UG,Computer Science; Information Technology,University of Gothenburg,202,3,1551282.051,12100000,420000,3276000,0.353719008,3.693528694
Sweden,Engineering & Technology,UG,Applied Physics & Electrical Engineering; Biomedical Engineering; Civil Engineering; Computer Engineering; Computer Science; Industrial Engineering & Management; Information Technology; Materials Design; Mechanical Engineering; Media Technology,Linköping University,310,3,1551282.051,12100000,460000,3588000,0.482644628,3.372352285
Sweden,Engineering & Technology,UG,Computer Science; Engineering Physics; Industrial Design,Umeå University,401,3,1551282.051,12100000,390000,3042000,0.257024793,3.977646285
New Zealand,Engineering & Technology,UG,Biomedical Engineering; Chemical & Materials Engineering; Civil Engineering; Computer Science; Electrical Engineering; Engineering Science; Environmental Engineering; Mechanical Engineering; Software Engineering; Structural Engineering,The University of Auckland,65,3,,,85000,4250000,,
New Zealand,Engineering & Technology,UG,Computer Science; Electronics; Information Science; Surveying,University of Otago,197,3,,,72000,3600000,,
New Zealand,Engineering & Technology,UG,Civil Engineering; Computer Science; Environmental Engineering; Industrial Design; Mechanical Engineering; Mechatronics Engineering; Software Engineering,Massey University,230,3,,,65000,3250000,,
New Zealand,Engineering & Technology,UG,Civil Engineering; Computer Science; Electrical Engineering; Electronic & Computer Engineering; Environmental Engineering; Information Management; Network Engineering; Software Engineering,Victoria University of Wellington (Te Herenga Waka),240,3,,,74000,3700000,,
New Zealand,Engineering & Technology,UG,Chemical & Process Engineering; Civil Engineering; Computer Engineering; Computer Science; Electrical Engineering; Forestry Engineering; Mechanical Engineering; Natural Resources Engineering; Software Engineering; Structural Engineering,University of Canterbury,261,3,,,70000,3500000,,
New Zealand,Engineering & Technology,UG,Computer Science; Electronic Engineering; Environmental Engineering; Internet of Things; Materials & Process Engineering; Mechanical Engineering; Software Engineering,University of Waikato,281,3,,,62000,3100000,,
New Zealand,Engineering & Technology,UG,Environmental Management; Landscape Architecture,Lincoln University,407,3,,,58000,2900000,,
New Zealand,Engineering & Technology,UG,Computer Science; Electrical Engineering; Mechanical Engineering; Mechatronics Engineering; Software Engineering,Auckland University of Technology (AUT),410,3,,,65000,3250000,,
Ireland,Engineering & Technology,UG,Biomedical Engineering; Chemical Engineering; Civil Engineering; Computer Engineering; Computer Science; Electrical Engineering; Electronic Engineering; Environmental Engineering; Mechanical Engineering; Nanoscience; Structural Engineering,"Trinity College Dublin, The University of Dublin",75,4,162222.2222,14600000,52000,4680000,0.602739726,3.11965812
Ireland,Engineering & Technology,UG,Agricultural & Biosystems Engineering; Biomedical Engineering; Chemical Engineering; Civil Engineering; Computer Science; Electrical Engineering; Electronic Engineering; Environmental Engineering; Mechanical Engineering; Software Engineering; Structural Engineering,University College Dublin,118,4,162222.2222,14600000,48000,4320000,0.479452055,3.37962963
Ireland,Engineering & Technology,UG,Biomedical Engineering; Chemical Engineering; Civil Engineering; Computer Science; Electrical Engineering; Electronic Engineering; Environmental Engineering; Mechanical Engineering; Process Engineering; Software Engineering,University College Cork,246,4,162222.2222,14600000,43000,3870000,0.325342466,3.772609819
Ireland,Engineering & Technology,UG,Biomedical Engineering; Civil Engineering; Computer Science; Electrical Engineering; Electronic Engineering; Environmental Engineering; Mechanical Engineering; Structural Engineering,University of Galway (Ollscoil na Gaillimhe),284,4,162222.2222,14600000,40000,3600000,0.232876712,4.055555556
Ireland,Engineering & Technology,UG,Aeronautical Engineering; Chemical Engineering; Civil Engineering; Computer Engineering; Computer Science; Electrical Engineering; Electronic Engineering; Environmental Engineering; Manufacturing Engineering; Mechanical Engineering; Robotics & Autonomous Systems; Software Engineering,University of Limerick,401,4,162222.2222,14600000,40000,3600000,0.232876712,4.055555556
Ireland,Engineering & Technology,UG,Biomedical Engineering; Civil Engineering; Computer Applications; Computer Science; Electronic Engineering; Environmental Engineering; Mechanical Engineering; Mechatronics; Software Engineering,Dublin City University,410,4,162222.2222,14600000,42000,3780000,0.294520548,3.862433862
Ireland,Engineering & Technology,UG,Computer Science; Electronic Engineering; Product Design,University of Maynooth (Maynooth University),771-780,4,162222.2222,14600000,35000,3150000,0.078767123,4.634920635
Ireland,Engineering & Technology,UG,Civil Engineering; Computer Science; Electrical Engineering; Environmental Engineering; Mechanical Engineering; Mechatronics Engineering; Software Engineering,Technological University of Dublin (TU Dublin),781-790,4,162222.2222,14600000,33000,2970000,0.017123288,4.915824916
Germany,Engineering & Technology,UG,Aerospace Engineering; Architecture; Biomedical Engineering; Chemical Engineering; Civil Engineering; Computer Engineering; Computer Science; Electrical Engineering; Energy Engineering; Environmental Engineering; Industrial Engineering; Information Technology; Materials Science; Mechanical Engineering; Mechatronics; Sustainable Engineering,Technical University of Munich,22,3,58188.88889,5237000,58000,5220000,3.983769334,1.003256705
Germany,Engineering & Technology,UG,Computer Science; Statistics,Ludwig-Maximilians-Universität München,58,3,58188.88889,5237000,52000,4680000,3.468206989,1.119017094
Germany,Engineering & Technology,UG,Computer Science; Scientific Computing,Ruprecht-Karls-Universität Heidelberg,80,3,58188.88889,5237000,48000,4320000,3.124498759,1.212268519
Germany,Engineering & Technology,UG,Computer Science; Mathematics,Freie Universität Berlin,88,3,58188.88889,5237000,46000,4140000,2.952644644,1.264975845
Germany,Engineering & Technology,UG,Chemical Engineering; Civil Engineering; Computer Engineering; Computer Science; Electrical Engineering; Environmental Engineering; Industrial Engineering; Mechanical Engineering; Materials Science; Mechatronics & Information Technology,Karlsruhe Institute of Technology (KIT),98,3,58188.88889,5237000,55000,4950000,3.725988161,1.057979798
Germany,Engineering & Technology,UG,Aerospace Engineering; Biomedical Engineering; Chemical Engineering; Civil Engineering; Computer Engineering; Computer Science; Electrical Engineering; Environmental Engineering; Georesources & Materials; Industrial Engineering; Materials Engineering; Mechanical Engineering; Medical Engineering; Mining Engineering; Software Engineering,RWTH Aachen University,105,3,58188.88889,5237000,55000,4950000,3.725988161,1.057979798
Germany,Engineering & Technology,UG,Computer Science,Humboldt-Universität zu Berlin,130,3,58188.88889,5237000,45000,4050000,2.866717586,1.29308642
Germany,Engineering & Technology,UG,Aerospace Engineering; Architecture; Biomedical Engineering; Chemical Engineering; Civil Engineering; Computer Engineering; Computer Science; Electrical Engineering; Energy Engineering; Environmental Planning; Industrial Engineering; Mathematics; Mechanical Engineering; Process Engineering; Transportation Planning,Technische Universität Berlin,145,3,58188.88889,5237000,50000,4500000,3.296352874,1.163777778
Germany,Engineering & Technology,UG,Computer Science; Informatics; Meteorology,Universität Hamburg,193,3,58188.88889,5237000,44000,3960000,2.780790529,1.322474747
Germany,Engineering & Technology,UG,Computer Science; Electrical Engineering; Microsystems Engineering,Universität Freiburg,201,3,58188.88889,5237000,43000,3870000,2.694863471,1.353229974
Germany,Engineering & Technology,UG,Computer Science; Geodesy & Geoinformation,Universität Bonn,207,3,58188.88889,5237000,43000,3870000,2.694863471,1.353229974
Germany,Engineering & Technology,UG,Computer Science; Information Systems,Eberhard Karls Universität Tübingen,215,3,58188.88889,5237000,43000,3870000,2.694863471,1.353229974
Germany,Engineering & Technology,UG,Aerospace Engineering; Architecture; Biomedical Engineering; Civil Engineering; Computer Science; Electrical Engineering; Environmental Engineering; Hydro Sciences; Information Systems; Materials Science; Mechanical Engineering; Traffic Engineering,Technische Universität Dresden,218,3,58188.88889,5237000,44000,3960000,2.780790529,1.322474747
Germany,Engineering & Technology,UG,Chemical Engineering; Computer Engineering; Computer Science; Electrical Engineering; Industrial Engineering; Materials Science; Mechanical Engineering; Mechatronics,Friedrich-Alexander-Universität Erlangen-Nürnberg (FAU),232,3,58188.88889,5237000,46000,4140000,2.952644644,1.264975845
Germany,Engineering & Technology,UG,Computer Science; Forestry; Geoscience,Georg-August-Universität Göttingen,243,3,58188.88889,5237000,41000,3690000,2.523009357,1.419241192
Germany,Engineering & Technology,UG,Architecture; Civil Engineering; Computer Science; Electrical Engineering; Environmental Engineering; Industrial Engineering; Mechanical Engineering; Mechatronics; Teaching of Electrical Engineering,Technische Universität Darmstadt,253,3,58188.88889,5237000,50000,4500000,3.296352874,1.163777778
Germany,Engineering & Technology,UG,Computer Science; Information Systems,Universität zu Köln,272,3,58188.88889,5237000,41000,3690000,2.523009357,1.419241192
Germany,Engineering & Technology,UG,Aerospace Engineering; Architecture; Chemical Engineering; Civil Engineering; Computer Engineering; Computer Science; Electrical Engineering; Environmental Engineering; Geodesy; Industrial Engineering; Materials Science; Mechanical Engineering; Mechatronics; Process Engineering; Simulation Technology,Universität Stuttgart,310,3,58188.88889,5237000,50000,4500000,3.296352874,1.163777778
Germany,Engineering & Technology,UG,Computer Science; Information Systems,Goethe Universität Frankfurt am Main,316,3,58188.88889,5237000,43000,3870000,2.694863471,1.353229974
Germany,Engineering & Technology,UG,Computer Science; Information Systems; Geoinformatics,Westfälische Wilhelms-Universität Münster,350,3,58188.88889,5237000,40000,3600000,2.437082299,1.454722222
Germany,Engineering & Technology,UG,Civil Engineering; Computer Science; Electrical Engineering; Environmental Technology; Materials Science; Mechanical Engineering; Mechatronics,Ruhr-Universität Bochum,395,3,58188.88889,5237000,40000,3600000,2.437082299,1.454722222
Germany,Engineering & Technology,UG,Computer Science; Robotics; Space Engineering,Julius-Maximilians-Universität Würzburg,416,3,58188.88889,5237000,39000,3510000,2.351155242,1.492022792
Germany,Engineering & Technology,UG,Business Informatics; Computer Science; Data Science,Universität Mannheim,416,3,58188.88889,5237000,46000,4140000,2.952644644,1.264975845
Germany,Engineering & Technology,UG,Architecture; Civil Engineering; Computer Science; Electrical Engineering; Environmental Engineering; Geodesy; Mechanical Engineering; Mechatronics,Leibniz Universität Hannover,433,3,58188.88889,5237000,41000,3690000,2.523009357,1.419241192
Germany,Engineering & Technology,UG,Computer Science; Data Science,Universität Konstanz,440,3,58188.88889,5237000,40000,3600000,2.437082299,1.454722222
Germany,Engineering & Technology,UG,Computer Science; Engineering Science,Universität Bayreuth,448,3,58188.88889,5237000,39000,3510000,2.351155242,1.492022792
Germany,Engineering & Technology,UG,Computer Science; Geoinformatics,Johannes Gutenberg Universität Mainz,452,3,58188.88889,5237000,39000,3510000,2.351155242,1.492022792
Germany,Engineering & Technology,UG,Computer Science,Universität Potsdam,477,3,58188.88889,5237000,38000,3420000,2.265228184,1.53128655
Germany,Engineering & Technology,UG,Applied Computer Science; Chemical Engineering; Civil Engineering; Environmental Engineering; Geosciences; Industrial Heritage; Materials Science; Mechanical Engineering; Mining Engineering; Process Engineering,Technische Universität Bergakademie Freiberg,487,3,58188.88889,5237000,40000,3600000,2.437082299,1.454722222
Germany,Engineering & Technology,UG,Computer Science,Justus-Liebig-Universität Gießen,496,3,58188.88889,5237000,37000,3330000,2.179301127,1.572672673
Germany,Engineering & Technology,UG,Computer Science; Electrical Engineering; Industrial Engineering; Mechanical Engineering; Process Engineering; Systems Engineering,Universität Bremen,530,3,58188.88889,5237000,38000,3420000,2.265228184,1.53128655
Germany,Engineering & Technology,UG,Computer Science,Universität Leipzig,535,3,58188.88889,5237000,37000,3330000,2.179301127,1.572672673
Germany,Engineering & Technology,UG,Computer Science; Electrical Engineering; Materials Science; Mechatronics,Universität Ulm,546,3,58188.88889,5237000,42000,3780000,2.608936414,1.385449735
Germany,Engineering & Technology,UG,Computer Science; Materials Science; Photonics,Friedrich-Schiller-Universität Jena,575,3,58188.88889,5237000,36000,3240000,2.093374069,1.616358025
Germany,Engineering & Technology,UG,Computer Science; Electrical Engineering; Materials Science,Christian-Albrechts-Universität zu Kiel,618,3,58188.88889,5237000,36000,3240000,2.093374069,1.616358025
Germany,Engineering & Technology,UG,Bioinformatics; Computer Science; Cybersecurity; Mechatronics,Universität des Saarlandes,635,3,58188.88889,5237000,38000,3420000,2.265228184,1.53128655
Germany,Engineering & Technology,UG,Architecture; Chemical Engineering; Civil Engineering; Computer Science; Electrical Engineering; Industrial Engineering; Mechanical Engineering; Robotics; Spatial Planning,Technische Universität Dortmund,673,3,58188.88889,5237000,40000,3600000,2.437082299,1.454722222
Germany,Engineering & Technology,UG,Computer Science,Universität Regensburg,691,3,58188.88889,5237000,37000,3330000,2.179301127,1.572672673
Germany,Engineering & Technology,UG,Civil Engineering; Computer Engineering; Computer Science; Electrical Engineering; Environmental Engineering; Green Technologies; Mechanical Engineering; Mechatronics; Naval Architecture,TUHH Hamburg University of Technology,696,3,58188.88889,5237000,48000,4320000,3.124498759,1.212268519
Germany,Engineering & Technology,UG,Architecture; Civil Engineering; Computer Science; Electrical Engineering; Environmental Engineering; Industrial Engineering; Mechanical Engineering; Sustainable Architecture,Technische Universität Braunschweig,711-720,3,58188.88889,5237000,40000,3600000,2.437082299,1.454722222
Germany,Engineering & Technology,UG,Agricultural Engineering; Computer Science; Environmental Engineering,Universität Hohenheim,711-720,3,58188.88889,5237000,38000,3420000,2.265228184,1.53128655
Germany,Engineering & Technology,UG,Computer Science; Materials Science,Martin-Luther-Universität Halle-Wittenberg,751-760,3,58188.88889,5237000,35000,3150000,2.007447012,1.662539683
Germany,Engineering & Technology,UG,Computer Science,Philipps-Universität Marburg,771-780,3,58188.88889,5237000,35000,3150000,2.007447012,1.662539683
Germany,Engineering & Technology,UG,Civil Engineering; Computer Science; Electrical Engineering; Mechanical Engineering; Mechatronics,Universität Duisburg-Essen,801-850,3,58188.88889,5237000,36000,3240000,2.093374069,1.616358025
Germany,Engineering & Technology,UG,Computer Science; Information Systems,Universität Düsseldorf (Heinrich Heine Universität),851-900,3,58188.88889,5237000,35000,3150000,2.007447012,1.662539683
Germany,Engineering & Technology,UG,Civil Engineering; Computer Science; Electrical Engineering; Industrial Engineering; Mechanical Engineering; Naval Architecture,Universität Rostock,851-900,3,58188.88889,5237000,34000,3060000,1.921519954,1.711437908
Germany,Engineering & Technology,UG,Computer Science; Intelligent Systems; Technology,Universität Bielefeld,1001-1200,3,58188.88889,5237000,35000,3150000,2.007447012,1.662539683
Germany,Engineering & Technology,UG,Civil Engineering; Computer Science; Electrical Engineering; Environmental Engineering; Industrial Engineering; Mechanical Engineering,Technische Universität Kaiserslautern-Landau (RPTU),1201-1400,3,58188.88889,5237000,35000,3150000,2.007447012,1.662539683
Germany,Engineering & Technology,UG,Civil Engineering; Computer Science; Electrical Engineering; Mechanical Engineering,Universität Siegen,1201-1400,3,58188.88889,5237000,34000,3060000,1.921519954,1.711437908
Canada,Engineering & Technology,UG,Bioengineering; Chemical Engineering; Civil Engineering; Computer Engineering; Computer Science; Electrical Engineering; Environmental Engineering; Materials Engineering; Mechanical Engineering; Mining Engineering; Software Engineering,McGill University,27,3,273770.4918,16700000,90000,5490000,0.643712575,3.041894353
Canada,Engineering & Technology,UG,Aerospace Engineering; Biomedical Engineering; Chemical Engineering; Civil Engineering; Computer Engineering; Computer Science; Electrical Engineering; Environmental Engineering; Engineering Science; Industrial Engineering; Materials Engineering; Mechanical Engineering; Mineral Engineering,University of Toronto,29,4,273770.4918,16700000,95000,5795000,0.73502994,2.881794651
Canada,Engineering & Technology,UG,Biomedical Engineering; Chemical Engineering; Civil Engineering; Computer Engineering; Computer Science; Electrical Engineering; Environmental Engineering; Geological Engineering; Materials Engineering; Mechanical Engineering; Mining Engineering; Software Engineering,University of British Columbia,40,4,273770.4918,16700000,92000,5612000,0.680239521,2.975766215
Canada,Engineering & Technology,UG,Chemical Engineering; Civil Engineering; Computer Engineering; Computer Science; Electrical Engineering; Environmental Engineering; Materials Engineering; Mechanical Engineering; Mining Engineering; Petroleum Engineering; Software Engineering,University of Alberta,94,4,273770.4918,16700000,82000,5002000,0.49760479,3.338664534
Canada,Engineering & Technology,UG,Architectural Engineering; Biomedical Engineering; Chemical Engineering; Civil Engineering; Computer Engineering; Computer Science; Electrical Engineering; Environmental Engineering; Geological Engineering; Management Engineering; Mechanical Engineering; Mechatronics Engineering; Nanotechnology Engineering; Software Engineering; Systems Design Engineering,University of Waterloo,119,4,273770.4918,16700000,105000,6405000,0.917664671,2.607338017
Canada,Engineering & Technology,UG,Biomedical Engineering; Chemical Engineering; Civil Engineering; Computer Science; Electrical Engineering; Environmental Engineering; Mechanical Engineering; Mining Engineering; Software Engineering,Western University,151,4,273770.4918,16700000,80000,4880000,0.461077844,3.422131148
Canada,Engineering & Technology,UG,Computer Science; Computer Engineering,Université de Montréal,168,3,273770.4918,16700000,78000,4758000,0.424550898,3.5098781
Canada,Engineering & Technology,UG,Chemical Engineering; Civil Engineering; Computer Science; Electrical Engineering; Engineering Physics; Materials Engineering; Mechanical Engineering; Mechatronics Engineering; Software Engineering,McMaster University,173,4,273770.4918,16700000,80000,4880000,0.461077844,3.422131148
Canada,Engineering & Technology,UG,Chemical Engineering; Civil Engineering; Computer Engineering; Computer Science; Electrical Engineering; Geological Engineering; Materials Engineering; Mechanical Engineering; Mining Engineering; Software Engineering,Queen's University,191,4,273770.4918,16700000,82000,5002000,0.49760479,3.338664534
Canada,Engineering & Technology,UG,Chemical Engineering; Civil Engineering; Computer Engineering; Computer Science; Electrical Engineering; Environmental Engineering; Geomatics Engineering; Mechanical Engineering; Petroleum Engineering; Software Engineering,University of Calgary,211,4,273770.4918,16700000,78000,4758000,0.424550898,3.5098781
Canada,Engineering & Technology,UG,Biomedical Engineering; Chemical Engineering; Civil Engineering; Computer Engineering; Computer Science; Electrical Engineering; Environmental Engineering; Mechanical Engineering; Software Engineering,University of Ottawa,219,4,273770.4918,16700000,78000,4758000,0.424550898,3.5098781
Canada,Engineering & Technology,UG,Biomedical Engineering; Chemical Engineering; Civil Engineering; Computer Engineering; Computer Science; Electrical Engineering; Environmental Engineering; Industrial Engineering; Materials Engineering; Mechanical Engineering; Mining Engineering,Dalhousie University,283,4,273770.4918,16700000,72000,4392000,0.31497006,3.802367942
Canada,Engineering & Technology,UG,Computer Engineering; Computer Science; Engineering Science; Mechatronics Systems Engineering; Software Systems,Simon Fraser University,308,4,273770.4918,16700000,78000,4758000,0.424550898,3.5098781
Canada,Engineering & Technology,UG,Computer Engineering; Computer Science; Electrical Engineering; Software Engineering; Space Engineering,York University,333,4,273770.4918,16700000,72000,4392000,0.31497006,3.802367942
Canada,Engineering & Technology,UG,Biomedical Engineering; Civil Engineering; Computer Engineering; Computer Science; Electrical Engineering; Mechanical Engineering; Software Engineering,University of Victoria,358,4,273770.4918,16700000,74000,4514000,0.351497006,3.699601241
Canada,Engineering & Technology,UG,Agricultural Engineering; Biomedical Engineering; Chemical Engineering; Civil Engineering; Computer Engineering; Computer Science; Electrical Engineering; Environmental Engineering; Geological Engineering; Mechanical Engineering,University of Saskatchewan,378,4,273770.4918,16700000,70000,4270000,0.278443114,3.911007026
Canada,Engineering & Technology,UG,Aerospace Engineering; Building Engineering; Civil Engineering; Computer Engineering; Computer Science; Electrical Engineering; Industrial Engineering; Mechanical Engineering; Software Engineering,Concordia University,465,3,273770.4918,16700000,70000,4270000,0.278443114,3.911007026
Canada,Engineering & Technology,UG,Chemical Engineering; Civil Engineering; Computer Science; Computer Engineering; Electrical Engineering; Environmental Engineering; Geological Engineering; Industrial Engineering; Materials Engineering; Mechanical Engineering; Mining Engineering; Software Engineering,Université Laval,469,3,273770.4918,16700000,68000,4148000,0.241916168,4.026036644
Canada,Engineering & Technology,UG,Biological Engineering; Computer Science; Engineering Systems & Computing; Environmental Engineering; Water Resources Engineering,University of Guelph,504,4,273770.4918,16700000,70000,4270000,0.278443114,3.911007026
Canada,Engineering & Technology,UG,Civil Engineering; Computer Science; Electrical Engineering; Environmental Engineering; Industrial Engineering; Mechanical Engineering; Software Engineering,University of Windsor,546,4,273770.4918,16700000,66000,4026000,0.205389222,4.148037755
Canada,Engineering & Technology,UG,Chemical Engineering; Civil Engineering; Computer Science; Electrical Engineering; Environmental Engineering; Geological Engineering; Mechanical Engineering; Software Engineering,University of New Brunswick,622,4,273770.4918,16700000,64000,3904000,0.168862275,4.277663934
Canada,Engineering & Technology,UG,Biosystems Engineering; Civil Engineering; Computer Engineering; Computer Science; Electrical Engineering; Environmental Engineering; Geological Engineering; Mechanical Engineering,University of Manitoba,643,4,273770.4918,16700000,65000,3965000,0.187125749,4.21185372
Canada,Engineering & Technology,UG,Civil Engineering; Computer Engineering; Computer Science; Electrical Engineering; Environmental Engineering; Mechanical Engineering; Ocean & Naval Engineering; Process Engineering,Memorial University of Newfoundland,660,4,273770.4918,16700000,62000,3782000,0.132335329,4.415653094
Canada,Engineering & Technology,UG,Aerospace Engineering; Biomedical Engineering; Chemical Engineering; Civil Engineering; Computer Engineering; Computer Science; Electrical Engineering; Environmental Engineering; Industrial Engineering; Mechanical Engineering; Software Engineering,Toronto Metropolitan University,711-720,4,273770.4918,16700000,72000,4392000,0.31497006,3.802367942
Canada,Engineering & Technology,UG,Aerospace Engineering; Biomedical & Electrical Engineering; Civil Engineering; Computer Science; Computer Systems Engineering; Electrical Engineering; Environmental Engineering; Mechanical Engineering; Software Engineering; Systems & Computer Engineering,Carleton University,781-790,4,273770.4918,16700000,70000,4270000,0.278443114,3.911007026
Canada,Engineering & Technology,UG,Civil Engineering; Computer Science; Electrical Engineering; Environmental Engineering; Industrial Engineering; Mechanical Engineering; Software Engineering,Université du Québec,851-900,3,273770.4918,16700000,62000,3782000,0.132335329,4.415653094
Canada,Engineering & Technology,UG,Chemical Engineering; Civil Engineering; Computer Engineering; Computer Science; Electrical Engineering; Environmental Engineering; Mechanical Engineering; Software Engineering,Université de Sherbrooke,901-950,3,273770.4918,16700000,65000,3965000,0.187125749,4.21185372
Canada,Engineering & Technology,UG,Electronic Systems Engineering; Environmental Engineering; Industrial Systems Engineering; Petroleum Systems Engineering; Software Systems Engineering,University of Regina,1001-1200,4,273770.4918,16700000,60000,3660000,0.095808383,4.56284153
Canada,Engineering & Technology,UG,Computer Science; Electrical Engineering; Mechanical Engineering,Brock University,1201-1400,4,273770.4918,16700000,62000,3782000,0.132335329,4.415653094
Australia,Engineering & Technology,UG,Biomedical Engineering; Chemical Engineering; Civil Engineering; Computer Science; Electrical Engineering; Environmental Engineering; Mechanical Engineering; Mechatronics Engineering; Software Engineering; Spatial Engineering; Structural Engineering,The University of Melbourne,19,3,301818.1818,16600000,95000,5225000,0.573795181,3.177033493
Australia,Engineering & Technology,UG,Aerospace Engineering; Biomedical Engineering; Chemical Engineering; Civil Engineering; Computer Engineering; Computer Science; Electrical Engineering; Environmental Engineering; Industrial Engineering; Materials Science; Mechanical Engineering; Mining Engineering; Naval Architecture; Photovoltaics & Solar Energy; Software Engineering; Surveying,The University of New South Wales (UNSW),20,3,301818.1818,16600000,98000,5390000,0.623493976,3.079777365
Australia,Engineering & Technology,UG,Aerospace Engineering; Biomedical Engineering; Chemical Engineering; Civil Engineering; Computer Engineering; Computer Science; Electrical Engineering; Environmental Engineering; Mechanical Engineering; Project Management; Software Engineering; Space Engineering,The University of Sydney,25,3,301818.1818,16600000,96000,5280000,0.590361446,3.143939394
Australia,Engineering & Technology,UG,Computer Science; Electrical Engineering; Environmental Engineering; Mechatronics; Renewable Energy; Software Engineering; Systems Engineering,Australian National University,32,3,301818.1818,16600000,92000,5060000,0.524096386,3.280632411
Australia,Engineering & Technology,UG,Aerospace Engineering; Biomedical Engineering; Chemical Engineering; Civil Engineering; Computer Science; Electrical Engineering; Environmental Engineering; Materials Engineering; Mechanical Engineering; Mechatronics Engineering; Software Engineering,Monash University,36,3,301818.1818,16600000,90000,4950000,0.490963855,3.353535354
Australia,Engineering & Technology,UG,Biomedical Engineering; Chemical Engineering; Civil Engineering; Computer Science; Electrical Engineering; Environmental Engineering; Mechanical Engineering; Mining Engineering; Software Engineering; Structural Engineering,The University of Queensland,42,3,301818.1818,16600000,88000,4840000,0.457831325,3.429752066
Australia,Engineering & Technology,UG,Chemical Engineering; Civil Engineering; Computer Science; Electrical Engineering; Environmental Engineering; Mechanical Engineering; Mining Engineering; Software Engineering,The University of Western Australia,77,3,301818.1818,16600000,82000,4510000,0.358433735,3.680709534
Australia,Engineering & Technology,UG,Chemical Engineering; Civil Engineering; Computer Science; Electrical Engineering; Environmental Engineering; Mechanical Engineering; Mining Engineering; Petroleum Engineering; Software Engineering,Adelaide University,82,3,301818.1818,16600000,80000,4400000,0.325301205,3.772727273
Australia,Engineering & Technology,UG,Civil Engineering; Computer Science; Electrical Engineering; Environmental Engineering; Information Systems; Mechanical Engineering; Mechatronics Engineering; Software Engineering,University of Technology Sydney (UTS),96,3,301818.1818,16600000,88000,4840000,0.457831325,3.429752066
Australia,Engineering & Technology,UG,Aerospace Engineering; Civil Engineering; Computer Science; Electrical Engineering; Environmental Engineering; Industrial Design; Mechanical Engineering; Robotics Engineering; Software Engineering,RMIT University,125,3,301818.1818,16600000,80000,4400000,0.325301205,3.772727273
Australia,Engineering & Technology,UG,Civil Engineering; Computer Science; Electronic Engineering; Environmental Engineering; Mechanical Engineering; Software Engineering,Macquarie University,138,3,301818.1818,16600000,78000,4290000,0.292168675,3.869463869
Australia,Engineering & Technology,UG,Chemical Engineering; Civil Engineering; Computer Science; Electrical Engineering; Environmental Engineering; Materials Engineering; Mechanical Engineering; Mining Engineering; Petroleum Engineering; Software Engineering,Curtin University,183,3,301818.1818,16600000,75000,4125000,0.24246988,4.024242424
Australia,Engineering & Technology,UG,Civil Engineering; Computer Science; Electrical Engineering; Environmental Engineering; Mechanical Engineering; Mechatronics Engineering; Software Engineering; Telecommunications Engineering,University of Wollongong,184,3,301818.1818,16600000,72000,3960000,0.192771084,4.191919192
Australia,Engineering & Technology,UG,Civil Engineering; Computer Science; Electrical Engineering; Environmental Engineering; Mechanical Engineering; Robotics Engineering; Software Engineering,Deakin University,207,3,301818.1818,16600000,72000,3960000,0.192771084,4.191919192
Australia,Engineering & Technology,UG,Civil Engineering; Computer Science; Electrical Engineering; Environmental Engineering; Mechanical Engineering; Mechatronics Engineering; Software Engineering,Queensland University of Technology (QUT),226,3,301818.1818,16600000,75000,4125000,0.24246988,4.024242424
Australia,Engineering & Technology,UG,Chemical Engineering; Civil Engineering; Computer Science; Electrical Engineering; Environmental Engineering; Mechanical Engineering; Mining Engineering; Software Engineering,The University of Newcastle,227,3,301818.1818,16600000,70000,3850000,0.159638554,4.311688312
Australia,Engineering & Technology,UG,Civil Engineering; Computer Science; Electronic Engineering; Environmental Engineering; Software Engineering,La Trobe University,233,3,301818.1818,16600000,68000,3740000,0.126506024,4.438502674
Australia,Engineering & Technology,UG,Civil Engineering; Computer Science; Electrical Engineering; Environmental Engineering; Mechanical Engineering; Software Engineering,Griffith University,268,3,301818.1818,16600000,68000,3740000,0.126506024,4.438502674
Australia,Engineering & Technology,UG,Aerospace Engineering; Civil Engineering; Computer Science; Electrical Engineering; Environmental Engineering; Mechanical Engineering; Mechatronics Engineering; Robotics; Software Engineering,Swinburne University of Technology,294,3,301818.1818,16600000,70000,3850000,0.159638554,4.311688312
Australia,Engineering & Technology,UG,Civil Engineering; Computer Science; Electrical Engineering; Environmental Engineering; Mechanical Engineering; Software Engineering,University of Tasmania,314,3,301818.1818,16600000,65000,3575000,0.076807229,4.643356643
Australia,Engineering & Technology,UG,Computer Science; Electronics; Environmental Engineering; Robotics Engineering; Software Engineering; Space Systems Engineering,Flinders University,387,3,301818.1818,16600000,65000,3575000,0.076807229,4.643356643
Australia,Engineering & Technology,UG,Civil Engineering; Computer Science; Electrical Engineering; Environmental Engineering; Mechanical Engineering; Software Engineering,Western Sydney University,400,3,301818.1818,16600000,62000,3410000,0.027108434,4.868035191
Australia,Engineering & Technology,UG,Civil Engineering; Computer Science; Electrical Engineering; Mechanical Engineering; Software Engineering,University of Southern Queensland,410,3,301818.1818,16600000,60000,3300000,-0.006024096,5.03030303
Australia,Engineering & Technology,UG,Computer Science; Environmental Engineering; Software Engineering,Murdoch University,423,3,301818.1818,16600000,60000,3300000,-0.006024096,5.03030303
Australia,Engineering & Technology,UG,Civil Engineering; Computer Science; Environmental Engineering; Software Engineering,James Cook University,440,3,301818.1818,16600000,58000,3190000,-0.039156627,5.203761755
Australia,Engineering & Technology,UG,Computer Science; Electrical Engineering; Software Engineering,Edith Cowan University,487,3,301818.1818,16600000,58000,3190000,-0.039156627,5.203761755
Australia,Engineering & Technology,UG,Civil Engineering; Computer Science; Electrical Engineering; Software Engineering,University of Canberra,494,3,301818.1818,16600000,60000,3300000,-0.006024096,5.03030303
Australia,Engineering & Technology,UG,Civil Engineering; Computer Science; Electrical Engineering; Engineering Technology; Software Engineering,CQUniversity Australia,499,3,301818.1818,16600000,56000,3080000,-0.072289157,5.38961039
Australia,Engineering & Technology,UG,Civil Engineering; Computer Science; Environmental Engineering; Software Engineering,Charles Darwin University,584,3,301818.1818,16600000,55000,3025000,-0.088855422,5.487603306
Australia,Engineering & Technology,UG,Computer Science; Information Technology; Software Engineering,Bond University,591,2,301818.1818,16600000,72000,3960000,0.192771084,4.191919192
Australia,Engineering & Technology,UG,Computer Science; Environmental Engineering; Software Engineering,Southern Cross University,638,3,301818.1818,16600000,54000,2970000,-0.105421687,5.589225589
Australia,Engineering & Technology,UG,Civil Engineering; Computer Science; Electrical Engineering; Mechanical Engineering,Victoria University,741-750,3,301818.1818,16600000,55000,3025000,-0.088855422,5.487603306
Australia,Engineering & Technology,UG,Computer Science,Australian Catholic University,851-900,3,301818.1818,16600000,55000,3025000,-0.088855422,5.487603306
Australia,Engineering & Technology,UG,Computer Science; Software Engineering,Charles Sturt University,951-1000,3,301818.1818,16600000,54000,2970000,-0.105421687,5.589225589
Australia,Engineering & Technology,UG,Computer Science; Software Engineering,University of New England,1001-1200,3,301818.1818,16600000,52000,2860000,-0.138554217,5.804195804
Australia,Engineering & Technology,UG,Computer Science,The University of Notre Dame Australia,1201-1400,3,301818.1818,16600000,55000,3025000,-0.088855422,5.487603306
India,Engineering & Technology,UG,Aerospace Engineering,Indian Institute of Technology Madras,1,4,1800000,1800000,1900000,1900000,4.277777778,0.947368421
India,Engineering & Technology,PG,Aerospace Engineering ,Indian Institute of Technology Madras,1,5,800000,800000,1900000,1900000,10.875,0.421052632
India,Engineering & Technology,UG,Artificial Intelligence and Data Analytics,Indian Institute of Technology Madras,1,4,1800000,1800000,2800000,2800000,6.777777778,0.642857143
India,Engineering & Technology,UG,Biological Engineering,Indian Institute of Technology Madras,1,4,1800000,1800000,1700000,1700000,3.722222222,1.058823529
India,Engineering & Technology,UG,Biological Science,Indian Institute of Technology Madras,1,4,1800000,1800000,1500000,1500000,3.166666667,1.2
India,Engineering & Technology,UG,Chemical Engineering,Indian Institute of Technology Madras,1,4,1800000,1800000,1700000,1700000,3.722222222,1.058823529
India,Engineering & Technology,UG,Civil Engineering,Indian Institute of Technology Madras,1,4,1800000,1800000,1700000,1700000,3.722222222,1.058823529
India,Engineering & Technology,UG,Computational Engineering and Mechanics,Indian Institute of Technology Madras,1,4,1800000,1800000,1700000,1700000,3.722222222,1.058823529
India,Engineering & Technology,UG,Computer Science and Engineering,Indian Institute of Technology Madras,1,4,1800000,1800000,2900000,2900000,7.055555556,0.620689655
India,Engineering & Technology,UG,Electrical Engineering,Indian Institute of Technology Madras,1,4,1800000,1800000,2400000,2400000,5.666666667,0.75
India,Engineering & Technology,PG,Engineering Design ,Indian Institute of Technology Madras,1,5,800000,800000,1600000,1600000,9,0.5
India,Engineering & Technology,UG,Engineering Physics,Indian Institute of Technology Madras,1,4,1800000,1800000,1500000,1500000,3.166666667,1.2
India,Engineering & Technology,UG,Instrumentation and Biomedical Engineering,Indian Institute of Technology Madras,1,4,1800000,1800000,2400000,2400000,5.666666667,0.75
India,Engineering & Technology,UG,Mechanical Engineering,Indian Institute of Technology Madras,1,4,1800000,1800000,1900000,1900000,4.277777778,0.947368421
India,Engineering & Technology,UG,Metallurgical and Materials Engineering,Indian Institute of Technology Madras,1,4,1800000,1800000,1600000,1600000,3.444444444,1.125
India,Engineering & Technology,UG,Naval Architecture and Ocean Engineering,Indian Institute of Technology Madras,1,4,1800000,1800000,1600000,1600000,3.444444444,1.125
India,Engineering & Technology,UG,Physics,Indian Institute of Technology Madras,1,4,1800000,1800000,1400000,1400000,2.888888889,1.285714286
India,Engineering & Technology,PG,Environmental Engineering,Indian Institute of Technology Madras,1,2,800000,800000,1200000,1200000,6.5,0.666666667
India,Engineering & Technology,PG,Machine Design,Indian Institute of Technology Madras,1,2,800000,800000,1200000,1200000,6.5,0.666666667
India,Engineering & Technology,PG,Structural Engineering,Indian Institute of Technology Madras,1,2,800000,800000,1100000,1100000,5.875,0.727272727
India,Engineering & Technology,PG,Information Security,Indian Institute of Technology Madras,1,2,800000,800000,2100000,2100000,12.125,0.380952381
India,Engineering & Technology,PG,Manufacturing Engineering,Indian Institute of Technology Madras,1,2,800000,800000,1300000,1300000,7.125,0.615384615
India,Engineering & Technology,PG,Microelectronics,Indian Institute of Technology Madras,1,2,800000,800000,2200000,2200000,12.75,0.363636364
India,Engineering & Technology,PG,Computer Science and Engineering,Indian Institute of Technology Madras,1,2,800000,800000,2000000,2000000,11.5,0.4
India,Engineering & Technology,PG,Chemical Engineering,Indian Institute of Technology Madras,1,2,800000,800000,1300000,1300000,7.125,0.615384615
India,Engineering & Technology,PG,Power Systems,Indian Institute of Technology Madras,1,2,800000,800000,1300000,1300000,7.125,0.615384615
India,Engineering & Technology,PG,VLSI Design,Indian Institute of Technology Madras,1,2,800000,800000,2000000,2000000,11.5,0.4
India,Engineering & Technology,PG,Data Science,Indian Institute of Technology Madras,1,2,800000,800000,2300000,2300000,13.375,0.347826087
India,Engineering & Technology,PG,Artificial Intelligence,Indian Institute of Technology Madras,1,2,800000,800000,2300000,2300000,13.375,0.347826087
India,Engineering & Technology,PG,Biotechnology,Indian Institute of Technology Madras,1,2,800000,800000,1100000,1100000,5.875,0.727272727
India,Engineering & Technology,PG,Control Systems,Indian Institute of Technology Madras,1,2,800000,800000,1400000,1400000,7.75,0.571428571
India,Engineering & Technology,PG,Material Science and Engineering,Indian Institute of Technology Madras,1,2,800000,800000,1200000,1200000,6.5,0.666666667
India,Engineering & Technology,UG,Abu Dhabi Campus - Chemical Engineering,Indian Institute of Technology Delhi,2,4,1800000,1800000,1600000,1600000,3.444444444,1.125
India,Engineering & Technology,UG,Abu Dhabi Campus - Computer Science and Engineering,Indian Institute of Technology Delhi,2,4,1800000,1800000,2700000,2700000,6.5,0.666666667
India,Engineering & Technology,UG,Abu Dhabi Campus - Energy Engineering,Indian Institute of Technology Delhi,2,4,1800000,1800000,1600000,1600000,3.444444444,1.125
India,Engineering & Technology,UG,Biotechnology and Biochemical Engineering,Indian Institute of Technology Delhi,2,4,1800000,1800000,1600000,1600000,3.444444444,1.125
India,Engineering & Technology,UG,Chemical Engineering,Indian Institute of Technology Delhi,2,4,1800000,1800000,1700000,1700000,3.722222222,1.058823529
India,Engineering & Technology,PG,Chemical Engineering ,Indian Institute of Technology Delhi,2,5,800000,800000,1600000,1600000,9,0.5
India,Engineering & Technology,UG,Chemistry,Indian Institute of Technology Delhi,2,4,1800000,1800000,1500000,1500000,3.166666667,1.2
India,Engineering & Technology,UG,Civil Engineering,Indian Institute of Technology Delhi,2,4,1800000,1800000,1600000,1600000,3.444444444,1.125
India,Engineering & Technology,UG,Computer Science and Engineering,Indian Institute of Technology Delhi,2,4,1800000,1800000,2600000,2600000,6.222222222,0.692307692
India,Engineering & Technology,PG,Computer Science and Engineering ,Indian Institute of Technology Delhi,2,5,800000,800000,2900000,2900000,17.125,0.275862069
India,Engineering & Technology,UG,Design,Indian Institute of Technology Delhi,2,4,1800000,1800000,1600000,1600000,3.444444444,1.125
India,Engineering & Technology,UG,Electrical Engineering,Indian Institute of Technology Delhi,2,4,1800000,1800000,2400000,2400000,5.666666667,0.75
India,Engineering & Technology,UG,Electrical Engineering,Indian Institute of Technology Delhi,2,4,1800000,1800000,2300000,2300000,5.388888889,0.782608696
India,Engineering & Technology,UG,Energy Engineering,Indian Institute of Technology Delhi,2,4,1800000,1800000,1700000,1700000,3.722222222,1.058823529
India,Engineering & Technology,UG,Engineering and Computational Mechanics,Indian Institute of Technology Delhi,2,4,1800000,1800000,1600000,1600000,3.444444444,1.125
India,Engineering & Technology,UG,Engineering Physics,Indian Institute of Technology Delhi,2,4,1800000,1800000,1600000,1600000,3.444444444,1.125
India,Engineering & Technology,UG,Materials Engineering,Indian Institute of Technology Delhi,2,4,1800000,1800000,1600000,1600000,3.444444444,1.125
India,Engineering & Technology,UG,Mathematics and Computing,Indian Institute of Technology Delhi,2,4,1800000,1800000,2900000,2900000,7.055555556,0.620689655
India,Engineering & Technology,PG,Mathematics and Computing ,Indian Institute of Technology Delhi,2,5,800000,800000,2800000,2800000,16.5,0.285714286
India,Engineering & Technology,UG,Mechanical Engineering,Indian Institute of Technology Delhi,2,4,1800000,1800000,1900000,1900000,4.277777778,0.947368421
India,Engineering & Technology,UG,Production and Industrial Engineering,Indian Institute of Technology Delhi,2,4,1800000,1800000,1700000,1700000,3.722222222,1.058823529
India,Engineering & Technology,UG,Textile Technology,Indian Institute of Technology Delhi,2,4,1800000,1800000,1600000,1600000,3.444444444,1.125
India,Engineering & Technology,PG,Microelectronics,Indian Institute of Technology Delhi,2,2,800000,800000,1900000,1900000,10.875,0.421052632
India,Engineering & Technology,PG,Biotechnology,Indian Institute of Technology Delhi,2,2,800000,800000,1100000,1100000,5.875,0.727272727
India,Engineering & Technology,PG,Manufacturing Engineering,Indian Institute of Technology Delhi,2,2,800000,800000,1100000,1100000,5.875,0.727272727
India,Engineering & Technology,PG,Structural Engineering,Indian Institute of Technology Delhi,2,2,800000,800000,1300000,1300000,7.125,0.615384615
India,Engineering & Technology,PG,Control Systems,Indian Institute of Technology Delhi,2,2,800000,800000,1300000,1300000,7.125,0.615384615
India,Engineering & Technology,PG,Computer Science and Engineering,Indian Institute of Technology Delhi,2,2,800000,800000,2300000,2300000,13.375,0.347826087
India,Engineering & Technology,PG,Transportation Engineering,Indian Institute of Technology Delhi,2,2,800000,800000,1200000,1200000,6.5,0.666666667
India,Engineering & Technology,PG,Environmental Engineering,Indian Institute of Technology Delhi,2,2,800000,800000,1300000,1300000,7.125,0.615384615
India,Engineering & Technology,PG,VLSI Design,Indian Institute of Technology Delhi,2,2,800000,800000,2400000,2400000,14,0.333333333
India,Engineering & Technology,PG,Communication Engineering,Indian Institute of Technology Delhi,2,2,800000,800000,2200000,2200000,12.75,0.363636364
India,Engineering & Technology,PG,Power Systems,Indian Institute of Technology Delhi,2,2,800000,800000,1200000,1200000,6.5,0.666666667
India,Engineering & Technology,PG,Machine Design,Indian Institute of Technology Delhi,2,2,800000,800000,1100000,1100000,5.875,0.727272727
India,Engineering & Technology,UG,Aerospace Engineering,Indian Institute of Technology Bombay,3,4,1800000,1800000,2000000,2000000,4.555555556,0.9
India,Engineering & Technology,UG,Applied Geophysics,Indian Institute of Technology Bombay,3,4,1800000,1800000,1500000,1500000,3.166666667,1.2
India,Engineering & Technology,UG,BS in Mathematics,Indian Institute of Technology Bombay,3,4,1800000,1800000,1500000,1500000,3.166666667,1.2
India,Engineering & Technology,UG,Chemical Engineering,Indian Institute of Technology Bombay,3,4,1800000,1800000,1600000,1600000,3.444444444,1.125
India,Engineering & Technology,UG,Chemistry,Indian Institute of Technology Bombay,3,4,1800000,1800000,1500000,1500000,3.166666667,1.2
India,Engineering & Technology,UG,Civil Engineering,Indian Institute of Technology Bombay,3,4,1800000,1800000,1600000,1600000,3.444444444,1.125
India,Engineering & Technology,UG,Computer Science and Engineering,Indian Institute of Technology Bombay,3,4,1800000,1800000,2800000,2800000,6.777777778,0.642857143
India,Engineering & Technology,UG,Economics,Indian Institute of Technology Bombay,3,4,1800000,1800000,1500000,1500000,3.166666667,1.2
India,Engineering & Technology,UG,Electrical Engineering,Indian Institute of Technology Bombay,3,4,1800000,1800000,2400000,2400000,5.666666667,0.75
India,Engineering & Technology,PG,Electrical Engineering ,Indian Institute of Technology Bombay,3,5,800000,800000,2500000,2500000,14.625,0.32
India,Engineering & Technology,UG,Energy Engineering,Indian Institute of Technology Bombay,3,4,1800000,1800000,1600000,1600000,3.444444444,1.125
India,Engineering & Technology,UG,Engineering Physics,Indian Institute of Technology Bombay,3,4,1800000,1800000,1600000,1600000,3.444444444,1.125
India,Engineering & Technology,UG,Environmental Science and Engineering,Indian Institute of Technology Bombay,3,4,1800000,1800000,1700000,1700000,3.722222222,1.058823529
India,Engineering & Technology,UG,Industrial Engineering and Operations Research,Indian Institute of Technology Bombay,3,4,1800000,1800000,1700000,1700000,3.722222222,1.058823529
India,Engineering & Technology,UG,Mechanical Engineering,Indian Institute of Technology Bombay,3,4,1800000,1800000,1900000,1900000,4.277777778,0.947368421
India,Engineering & Technology,UG,Metallurgical Engineering and Materials Science,Indian Institute of Technology Bombay,3,4,1800000,1800000,1600000,1600000,3.444444444,1.125
India,Engineering & Technology,PG,Computer Science and Engineering,Indian Institute of Technology Bombay,3,2,800000,800000,2200000,2200000,12.75,0.363636364
India,Engineering & Technology,PG,Data Science,Indian Institute of Technology Bombay,3,2,800000,800000,2500000,2500000,14.625,0.32
India,Engineering & Technology,PG,Microelectronics,Indian Institute of Technology Bombay,3,2,800000,800000,2400000,2400000,14,0.333333333
India,Engineering & Technology,PG,Material Science and Engineering,Indian Institute of Technology Bombay,3,2,800000,800000,1100000,1100000,5.875,0.727272727
India,Engineering & Technology,PG,Environmental Engineering,Indian Institute of Technology Bombay,3,2,800000,800000,1400000,1400000,7.75,0.571428571
India,Engineering & Technology,PG,Artificial Intelligence,Indian Institute of Technology Bombay,3,2,800000,800000,2500000,2500000,14.625,0.32
India,Engineering & Technology,PG,VLSI Design,Indian Institute of Technology Bombay,3,2,800000,800000,2100000,2100000,12.125,0.380952381
India,Engineering & Technology,PG,Power Systems,Indian Institute of Technology Bombay,3,2,800000,800000,1200000,1200000,6.5,0.666666667
India,Engineering & Technology,PG,Machine Design,Indian Institute of Technology Bombay,3,2,800000,800000,1100000,1100000,5.875,0.727272727
India,Engineering & Technology,PG,Thermal Engineering,Indian Institute of Technology Bombay,3,2,800000,800000,1300000,1300000,7.125,0.615384615
India,Engineering & Technology,PG,Information Security,Indian Institute of Technology Bombay,3,2,800000,800000,2600000,2600000,15.25,0.307692308
India,Engineering & Technology,PG,Manufacturing Engineering,Indian Institute of Technology Bombay,3,2,800000,800000,1400000,1400000,7.75,0.571428571
India,Engineering & Technology,PG,Transportation Engineering,Indian Institute of Technology Bombay,3,2,800000,800000,1100000,1100000,5.875,0.727272727
India,Engineering & Technology,UG,Aerospace Engineering,Indian Institute of Technology Kanpur,4,4,1800000,1800000,2000000,2000000,4.555555556,0.9
India,Engineering & Technology,UG,Biological Sciences and Bioengineering,Indian Institute of Technology Kanpur,4,4,1800000,1800000,1400000,1400000,2.888888889,1.285714286
India,Engineering & Technology,UG,Chemical Engineering,Indian Institute of Technology Kanpur,4,4,1800000,1800000,1700000,1700000,3.722222222,1.058823529
India,Engineering & Technology,UG,Chemistry,Indian Institute of Technology Kanpur,4,4,1800000,1800000,1500000,1500000,3.166666667,1.2
India,Engineering & Technology,UG,Civil Engineering,Indian Institute of Technology Kanpur,4,4,1800000,1800000,1600000,1600000,3.444444444,1.125
India,Engineering & Technology,UG,Computer Science and Engineering,Indian Institute of Technology Kanpur,4,4,1800000,1800000,2700000,2700000,6.5,0.666666667
India,Engineering & Technology,UG,Earth Sciences,Indian Institute of Technology Kanpur,4,4,1800000,1800000,1400000,1400000,2.888888889,1.285714286
India,Engineering & Technology,UG,Economics,Indian Institute of Technology Kanpur,4,4,1800000,1800000,1400000,1400000,2.888888889,1.285714286
India,Engineering & Technology,UG,Electrical Engineering,Indian Institute of Technology Kanpur,4,4,1800000,1800000,2400000,2400000,5.666666667,0.75
India,Engineering & Technology,UG,Materials Science and Engineering,Indian Institute of Technology Kanpur,4,4,1800000,1800000,1600000,1600000,3.444444444,1.125
India,Engineering & Technology,UG,Mathematics and Scientific Computing,Indian Institute of Technology Kanpur,4,4,1800000,1800000,1500000,1500000,3.166666667,1.2
India,Engineering & Technology,UG,Mechanical Engineering,Indian Institute of Technology Kanpur,4,4,1800000,1800000,1900000,1900000,4.277777778,0.947368421
India,Engineering & Technology,UG,Physics,Indian Institute of Technology Kanpur,4,4,1800000,1800000,1500000,1500000,3.166666667,1.2
India,Engineering & Technology,UG,Statistics and Data Science,Indian Institute of Technology Kanpur,4,4,1800000,1800000,2700000,2700000,6.5,0.666666667
India,Engineering & Technology,PG,Computer Science and Engineering,Indian Institute of Technology Kanpur,4,2,800000,800000,2500000,2500000,14.625,0.32
India,Engineering & Technology,PG,Environmental Engineering,Indian Institute of Technology Kanpur,4,2,800000,800000,1200000,1200000,6.5,0.666666667
India,Engineering & Technology,PG,Chemical Engineering,Indian Institute of Technology Kanpur,4,2,800000,800000,1300000,1300000,7.125,0.615384615
India,Engineering & Technology,PG,Manufacturing Engineering,Indian Institute of Technology Kanpur,4,2,800000,800000,1200000,1200000,6.5,0.666666667
India,Engineering & Technology,PG,Structural Engineering,Indian Institute of Technology Kanpur,4,2,800000,800000,1100000,1100000,5.875,0.727272727
India,Engineering & Technology,PG,Data Science,Indian Institute of Technology Kanpur,4,2,800000,800000,2400000,2400000,14,0.333333333
India,Engineering & Technology,PG,Communication Engineering,Indian Institute of Technology Kanpur,4,2,800000,800000,2200000,2200000,12.75,0.363636364
India,Engineering & Technology,PG,Biotechnology,Indian Institute of Technology Kanpur,4,2,800000,800000,1200000,1200000,6.5,0.666666667
India,Engineering & Technology,UG,Aerospace Engineering,Indian Institute of Technology Madras,5,4,1800000,1800000,1900000,1900000,4.277777778,0.947368421
India,Engineering & Technology,UG,Agricultural and Food Engineering,Indian Institute of Technology Madras,5,4,1800000,1800000,1600000,1600000,3.444444444,1.125
India,Engineering & Technology,UG,Applied Geology,Indian Institute of Technology Madras,5,4,1800000,1800000,1600000,1600000,3.444444444,1.125
India,Engineering & Technology,UG,Architecture,Indian Institute of Technology Madras,5,5,1800000,1800000,1600000,1600000,3.444444444,1.125
India,Engineering & Technology,UG,Artificial Intelligence,Indian Institute of Technology Madras,5,4,1800000,1800000,2800000,2800000,6.777777778,0.642857143
India,Engineering & Technology,UG,Biotechnology and Biochemical Engineering,Indian Institute of Technology Madras,5,4,1800000,1800000,1700000,1700000,3.722222222,1.058823529
India,Engineering & Technology,UG,Chemical Engineering,Indian Institute of Technology Madras,5,4,1800000,1800000,1700000,1700000,3.722222222,1.058823529
India,Engineering & Technology,UG,Chemistry,Indian Institute of Technology Madras,5,4,1800000,1800000,1500000,1500000,3.166666667,1.2
India,Engineering & Technology,UG,Civil Engineering,Indian Institute of Technology Madras,5,4,1800000,1800000,1700000,1700000,3.722222222,1.058823529
India,Engineering & Technology,UG,Computer Science and Engineering,Indian Institute of Technology Madras,5,4,1800000,1800000,2800000,2800000,6.777777778,0.642857143
India,Engineering & Technology,UG,Economics,Indian Institute of Technology Madras,5,4,1800000,1800000,1500000,1500000,3.166666667,1.2
India,Engineering & Technology,UG,Electrical Engineering,Indian Institute of Technology Madras,5,4,1800000,1800000,2400000,2400000,5.666666667,0.75
India,Engineering & Technology,UG,Electronics and Electrical Communication Engineering,Indian Institute of Technology Madras,5,4,1800000,1800000,2300000,2300000,5.388888889,0.782608696
India,Engineering & Technology,UG,Exploration Geophysics,Indian Institute of Technology Madras,5,4,1800000,1800000,1500000,1500000,3.166666667,1.2
India,Engineering & Technology,UG,Industrial and Systems Engineering,Indian Institute of Technology Madras,5,4,1800000,1800000,1600000,1600000,3.444444444,1.125
India,Engineering & Technology,UG,Instrumentation Engineering,Indian Institute of Technology Madras,5,4,1800000,1800000,2200000,2200000,5.111111111,0.818181818
India,Engineering & Technology,UG,Manufacturing Science and Engineering,Indian Institute of Technology Madras,5,4,1800000,1800000,1500000,1500000,3.166666667,1.2
India,Engineering & Technology,UG,Mathematics and Computing,Indian Institute of Technology Madras,5,4,1800000,1800000,2900000,2900000,7.055555556,0.620689655
India,Engineering & Technology,UG,Mechanical Engineering,Indian Institute of Technology Madras,5,4,1800000,1800000,2000000,2000000,4.555555556,0.9
India,Engineering & Technology,UG,Metallurgical and Materials Engineering,Indian Institute of Technology Madras,5,4,1800000,1800000,1600000,1600000,3.444444444,1.125
India,Engineering & Technology,UG,Mining Engineering,Indian Institute of Technology Madras,5,4,1800000,1800000,1600000,1600000,3.444444444,1.125
India,Engineering & Technology,UG,Ocean Engineering and Naval Architecture,Indian Institute of Technology Madras,5,4,1800000,1800000,1600000,1600000,3.444444444,1.125
India,Engineering & Technology,UG,Physics,Indian Institute of Technology Madras,5,4,1800000,1800000,1500000,1500000,3.166666667,1.2
India,Engineering & Technology,PG,Microelectronics,Indian Institute of Technology Madras,5,2,800000,800000,2200000,2200000,12.75,0.363636364
India,Engineering & Technology,PG,Environmental Engineering,Indian Institute of Technology Madras,5,2,800000,800000,1200000,1200000,6.5,0.666666667
India,Engineering & Technology,PG,Communication Engineering,Indian Institute of Technology Madras,5,2,800000,800000,2300000,2300000,13.375,0.347826087
India,Engineering & Technology,PG,Data Science,Indian Institute of Technology Madras,5,2,800000,800000,2300000,2300000,13.375,0.347826087
India,Engineering & Technology,PG,Transportation Engineering,Indian Institute of Technology Madras,5,2,800000,800000,1200000,1200000,6.5,0.666666667
India,Engineering & Technology,PG,Biotechnology,Indian Institute of Technology Madras,5,2,800000,800000,1100000,1100000,5.875,0.727272727
India,Engineering & Technology,PG,Thermal Engineering,Indian Institute of Technology Madras,5,2,800000,800000,1200000,1200000,6.5,0.666666667
India,Engineering & Technology,PG,Information Security,Indian Institute of Technology Madras,5,2,800000,800000,2100000,2100000,12.125,0.380952381
India,Engineering & Technology,PG,Material Science and Engineering,Indian Institute of Technology Madras,5,2,800000,800000,1200000,1200000,6.5,0.666666667
India,Engineering & Technology,PG,Chemical Engineering,Indian Institute of Technology Madras,5,2,800000,800000,1300000,1300000,7.125,0.615384615
India,Engineering & Technology,PG,Artificial Intelligence,Indian Institute of Technology Madras,5,2,800000,800000,2300000,2300000,13.375,0.347826087
India,Engineering & Technology,PG,Power Systems,Indian Institute of Technology Madras,5,2,800000,800000,1300000,1300000,7.125,0.615384615
India,Engineering & Technology,PG,VLSI Design,Indian Institute of Technology Madras,5,2,800000,800000,2000000,2000000,11.5,0.4
India,Engineering & Technology,PG,Machine Design,Indian Institute of Technology Madras,5,2,800000,800000,1200000,1200000,6.5,0.666666667
India,Engineering & Technology,PG,Computer Science and Engineering,Indian Institute of Technology Madras,5,2,800000,800000,2000000,2000000,11.5,0.4
India,Engineering & Technology,UG,Architecture,Indian Institute of Technology Roorkee,6,5,1800000,1800000,1600000,1600000,3.444444444,1.125
India,Engineering & Technology,UG,Biosciences and Bioengineering,Indian Institute of Technology Roorkee,6,4,1800000,1800000,1500000,1500000,3.166666667,1.2
India,Engineering & Technology,UG,Chemical Engineering,Indian Institute of Technology Roorkee,6,4,1800000,1800000,1600000,1600000,3.444444444,1.125
India,Engineering & Technology,UG,Chemical Sciences ,Indian Institute of Technology Roorkee,6,5,1800000,1800000,1700000,1700000,3.722222222,1.058823529
India,Engineering & Technology,UG,Civil Engineering,Indian Institute of Technology Roorkee,6,4,1800000,1800000,1700000,1700000,3.722222222,1.058823529
India,Engineering & Technology,UG,Computer Science and Engineering,Indian Institute of Technology Roorkee,6,4,1800000,1800000,2700000,2700000,6.5,0.666666667
India,Engineering & Technology,UG,Data Science and Artificial Intelligence,Indian Institute of Technology Roorkee,6,4,1800000,1800000,2900000,2900000,7.055555556,0.620689655
India,Engineering & Technology,UG,Economics ,Indian Institute of Technology Roorkee,6,5,1800000,1800000,1500000,1500000,3.166666667,1.2
India,Engineering & Technology,UG,Electrical Engineering,Indian Institute of Technology Roorkee,6,4,1800000,1800000,2400000,2400000,5.666666667,0.75
India,Engineering & Technology,UG,Electronics and Communication Engineering,Indian Institute of Technology Roorkee,6,4,1800000,1800000,2400000,2400000,5.666666667,0.75
India,Engineering & Technology,UG,Energy Engineering,Indian Institute of Technology Roorkee,6,4,1800000,1800000,1600000,1600000,3.444444444,1.125
India,Engineering & Technology,UG,Engineering Physics,Indian Institute of Technology Roorkee,6,4,1800000,1800000,1600000,1600000,3.444444444,1.125
India,Engineering & Technology,PG,Geological Technology,Indian Institute of Technology Roorkee,6,5,800000,800000,1700000,1700000,9.625,0.470588235
India,Engineering & Technology,PG,Geophysical Technology,Indian Institute of Technology Roorkee,6,5,800000,800000,1600000,1600000,9,0.5
India,Engineering & Technology,UG,Mathematics & Computing ,Indian Institute of Technology Roorkee,6,5,1800000,1800000,1500000,1500000,3.166666667,1.2
India,Engineering & Technology,UG,Mechanical Engineering,Indian Institute of Technology Roorkee,6,4,1800000,1800000,2000000,2000000,4.555555556,0.9
India,Engineering & Technology,UG,Metallurgical and Materials Engineering,Indian Institute of Technology Roorkee,6,4,1800000,1800000,1600000,1600000,3.444444444,1.125
India,Engineering & Technology,UG,Physics ,Indian Institute of Technology Roorkee,6,5,1800000,1800000,1400000,1400000,2.888888889,1.285714286
India,Engineering & Technology,UG,Production and Industrial Engineering,Indian Institute of Technology Roorkee,6,4,1800000,1800000,1600000,1600000,3.444444444,1.125
India,Engineering & Technology,PG,Artificial Intelligence,Indian Institute of Technology Roorkee,6,2,800000,800000,2400000,2400000,14,0.333333333
India,Engineering & Technology,PG,Computer Science and Engineering,Indian Institute of Technology Roorkee,6,2,800000,800000,2100000,2100000,12.125,0.380952381
India,Engineering & Technology,PG,Thermal Engineering,Indian Institute of Technology Roorkee,6,2,800000,800000,1200000,1200000,6.5,0.666666667
India,Engineering & Technology,PG,Environmental Engineering,Indian Institute of Technology Roorkee,6,2,800000,800000,1300000,1300000,7.125,0.615384615
India,Engineering & Technology,PG,Machine Design,Indian Institute of Technology Roorkee,6,2,800000,800000,1200000,1200000,6.5,0.666666667
India,Engineering & Technology,PG,Microelectronics,Indian Institute of Technology Roorkee,6,2,800000,800000,2300000,2300000,13.375,0.347826087
India,Engineering & Technology,PG,Information Security,Indian Institute of Technology Roorkee,6,2,800000,800000,2400000,2400000,14,0.333333333
India,Engineering & Technology,PG,Transportation Engineering,Indian Institute of Technology Roorkee,6,2,800000,800000,1200000,1200000,6.5,0.666666667
India,Engineering & Technology,PG,Manufacturing Engineering,Indian Institute of Technology Roorkee,6,2,800000,800000,1200000,1200000,6.5,0.666666667
India,Engineering & Technology,PG,Control Systems,Indian Institute of Technology Roorkee,6,2,800000,800000,1400000,1400000,7.75,0.571428571
India,Engineering & Technology,PG,Power Systems,Indian Institute of Technology Roorkee,6,2,800000,800000,1400000,1400000,7.75,0.571428571
India,Engineering & Technology,PG,Biotechnology,Indian Institute of Technology Roorkee,6,2,800000,800000,1000000,1000000,5.25,0.8
India,Engineering & Technology,PG,Structural Engineering,Indian Institute of Technology Roorkee,6,2,800000,800000,1300000,1300000,7.125,0.615384615
India,Engineering & Technology,PG,VLSI Design,Indian Institute of Technology Roorkee,6,2,800000,800000,2200000,2200000,12.75,0.363636364
India,Engineering & Technology,PG,Chemical Engineering,Indian Institute of Technology Roorkee,6,2,800000,800000,1100000,1100000,5.875,0.727272727
India,Engineering & Technology,UG,Artificial Intelligence,Indian Institute of Technology Hyderabad,7,4,1800000,1800000,2400000,2400000,5.666666667,0.75
India,Engineering & Technology,UG,Biomedical Engineering,Indian Institute of Technology Hyderabad,7,4,1800000,1800000,1200000,1200000,2.333333333,1.5
India,Engineering & Technology,UG,Biotechnology and Bioinformatics,Indian Institute of Technology Hyderabad,7,4,1800000,1800000,1300000,1300000,2.611111111,1.384615385
India,Engineering & Technology,UG,Chemical Engineering,Indian Institute of Technology Hyderabad,7,4,1800000,1800000,1400000,1400000,2.888888889,1.285714286
India,Engineering & Technology,UG,Civil Engineering,Indian Institute of Technology Hyderabad,7,4,1800000,1800000,1400000,1400000,2.888888889,1.285714286
India,Engineering & Technology,UG,Computational Engineering,Indian Institute of Technology Hyderabad,7,4,1800000,1800000,1300000,1300000,2.611111111,1.384615385
India,Engineering & Technology,UG,Computer Science and Engineering,Indian Institute of Technology Hyderabad,7,4,1800000,1800000,2300000,2300000,5.388888889,0.782608696
India,Engineering & Technology,UG,Electrical Engineering,Indian Institute of Technology Hyderabad,7,4,1800000,1800000,2000000,2000000,4.555555556,0.9
India,Engineering & Technology,UG,Engineering Physics,Indian Institute of Technology Hyderabad,7,4,1800000,1800000,1200000,1200000,2.333333333,1.5
India,Engineering & Technology,UG,Engineering Science,Indian Institute of Technology Hyderabad,7,4,1800000,1800000,1200000,1200000,2.333333333,1.5
India,Engineering & Technology,UG,Industrial Chemistry,Indian Institute of Technology Hyderabad,7,4,1800000,1800000,1300000,1300000,2.611111111,1.384615385
India,Engineering & Technology,UG,Materials Science and Metallurgical Engineering,Indian Institute of Technology Hyderabad,7,4,1800000,1800000,1400000,1400000,2.888888889,1.285714286
India,Engineering & Technology,UG,Mathematics and Computing,Indian Institute of Technology Hyderabad,7,4,1800000,1800000,2300000,2300000,5.388888889,0.782608696
India,Engineering & Technology,UG,Mechanical Engineering,Indian Institute of Technology Hyderabad,7,4,1800000,1800000,1600000,1600000,3.444444444,1.125
India,Engineering & Technology,PG,Computer Science and Engineering,Indian Institute of Technology Hyderabad,7,2,800000,800000,2600000,2600000,15.25,0.307692308
India,Engineering & Technology,PG,Environmental Engineering,Indian Institute of Technology Hyderabad,7,2,800000,800000,1200000,1200000,6.5,0.666666667
India,Engineering & Technology,PG,Machine Design,Indian Institute of Technology Hyderabad,7,2,800000,800000,1300000,1300000,7.125,0.615384615
India,Engineering & Technology,PG,VLSI Design,Indian Institute of Technology Hyderabad,7,2,800000,800000,2200000,2200000,12.75,0.363636364
India,Engineering & Technology,PG,Data Science,Indian Institute of Technology Hyderabad,7,2,800000,800000,2200000,2200000,12.75,0.363636364
India,Engineering & Technology,PG,Artificial Intelligence,Indian Institute of Technology Hyderabad,7,2,800000,800000,2100000,2100000,12.125,0.380952381
India,Engineering & Technology,PG,Transportation Engineering,Indian Institute of Technology Hyderabad,7,2,800000,800000,1100000,1100000,5.875,0.727272727
India,Engineering & Technology,PG,Thermal Engineering,Indian Institute of Technology Hyderabad,7,2,800000,800000,1300000,1300000,7.125,0.615384615
India,Engineering & Technology,PG,Control Systems,Indian Institute of Technology Hyderabad,7,2,800000,800000,1300000,1300000,7.125,0.615384615
India,Engineering & Technology,PG,Information Security,Indian Institute of Technology Hyderabad,7,2,800000,800000,2200000,2200000,12.75,0.363636364
India,Engineering & Technology,PG,Chemical Engineering,Indian Institute of Technology Hyderabad,7,2,800000,800000,1100000,1100000,5.875,0.727272727
India,Engineering & Technology,PG,Biotechnology,Indian Institute of Technology Hyderabad,7,2,800000,800000,1100000,1100000,5.875,0.727272727
India,Engineering & Technology,UG,Biosciences and Bioengineering,Indian Institute of Technology Guwahati,8,4,1800000,1800000,1500000,1500000,3.166666667,1.2
India,Engineering & Technology,UG,Chemical Engineering,Indian Institute of Technology Guwahati,8,4,1800000,1800000,1700000,1700000,3.722222222,1.058823529
India,Engineering & Technology,UG,Chemical Science and Technology,Indian Institute of Technology Guwahati,8,4,1800000,1800000,1700000,1700000,3.722222222,1.058823529
India,Engineering & Technology,UG,Civil Engineering,Indian Institute of Technology Guwahati,8,4,1800000,1800000,1600000,1600000,3.444444444,1.125
India,Engineering & Technology,UG,Computer Science and Engineering,Indian Institute of Technology Guwahati,8,4,1800000,1800000,2700000,2700000,6.5,0.666666667
India,Engineering & Technology,UG,Data Science and Artificial Intelligence,Indian Institute of Technology Guwahati,8,4,1800000,1800000,2800000,2800000,6.777777778,0.642857143
India,Engineering & Technology,UG,Electronics and Communication Engineering,Indian Institute of Technology Guwahati,8,4,1800000,1800000,2400000,2400000,5.666666667,0.75
India,Engineering & Technology,UG,Electronics and Electrical Engineering,Indian Institute of Technology Guwahati,8,4,1800000,1800000,2400000,2400000,5.666666667,0.75
India,Engineering & Technology,UG,Energy Engineering,Indian Institute of Technology Guwahati,8,4,1800000,1800000,1700000,1700000,3.722222222,1.058823529
India,Engineering & Technology,UG,Engineering Physics,Indian Institute of Technology Guwahati,8,4,1800000,1800000,1500000,1500000,3.166666667,1.2
India,Engineering & Technology,UG,Mathematics and Computing,Indian Institute of Technology Guwahati,8,4,1800000,1800000,2600000,2600000,6.222222222,0.692307692
India,Engineering & Technology,UG,Mechanical Engineering,Indian Institute of Technology Guwahati,8,4,1800000,1800000,1900000,1900000,4.277777778,0.947368421
India,Engineering & Technology,PG,Computer Science and Engineering,Indian Institute of Technology Guwahati,8,2,800000,800000,2600000,2600000,15.25,0.307692308
India,Engineering & Technology,PG,Structural Engineering,Indian Institute of Technology Guwahati,8,2,800000,800000,1300000,1300000,7.125,0.615384615
India,Engineering & Technology,PG,Chemical Engineering,Indian Institute of Technology Guwahati,8,2,800000,800000,1300000,1300000,7.125,0.615384615
India,Engineering & Technology,PG,Biotechnology,Indian Institute of Technology Guwahati,8,2,800000,800000,900000,900000,4.625,0.888888889
India,Engineering & Technology,PG,Manufacturing Engineering,Indian Institute of Technology Guwahati,8,2,800000,800000,1300000,1300000,7.125,0.615384615
India,Engineering & Technology,PG,Communication Engineering,Indian Institute of Technology Guwahati,8,2,800000,800000,2200000,2200000,12.75,0.363636364
India,Engineering & Technology,PG,VLSI Design,Indian Institute of Technology Guwahati,8,2,800000,800000,2500000,2500000,14.625,0.32
India,Engineering & Technology,PG,Control Systems,Indian Institute of Technology Guwahati,8,2,800000,800000,1200000,1200000,6.5,0.666666667
India,Engineering & Technology,PG,Artificial Intelligence,Indian Institute of Technology Guwahati,8,2,800000,800000,2300000,2300000,13.375,0.347826087
India,Engineering & Technology,UG,Architecture,National Institute of Technology Tiruchirappalli,9,5,1800000,1800000,1400000,1400000,2.888888889,1.285714286
India,Engineering & Technology,UG,Chemical Engineering,National Institute of Technology Tiruchirappalli,9,4,1800000,1800000,1300000,1300000,2.611111111,1.384615385
India,Engineering & Technology,UG,Civil Engineering,National Institute of Technology Tiruchirappalli,9,4,1800000,1800000,1300000,1300000,2.611111111,1.384615385
India,Engineering & Technology,UG,Computer Science and Engineering,National Institute of Technology Tiruchirappalli,9,4,1800000,1800000,2200000,2200000,5.111111111,0.818181818
India,Engineering & Technology,UG,Electrical and Electronics Engineering,National Institute of Technology Tiruchirappalli,9,4,1800000,1800000,1900000,1900000,4.277777778,0.947368421
India,Engineering & Technology,UG,Electronics and Communication Engineering,National Institute of Technology Tiruchirappalli,9,4,1800000,1800000,1900000,1900000,4.277777778,0.947368421
India,Engineering & Technology,UG,Instrumentation and Control Engineering,National Institute of Technology Tiruchirappalli,9,4,1800000,1800000,1900000,1900000,4.277777778,0.947368421
India,Engineering & Technology,UG,Mechanical Engineering,National Institute of Technology Tiruchirappalli,9,4,1800000,1800000,1500000,1500000,3.166666667,1.2
India,Engineering & Technology,UG,Metallurgical and Materials Engineering,National Institute of Technology Tiruchirappalli,9,4,1800000,1800000,1300000,1300000,2.611111111,1.384615385
India,Engineering & Technology,UG,Production Engineering,National Institute of Technology Tiruchirappalli,9,4,1800000,1800000,1300000,1300000,2.611111111,1.384615385
India,Engineering & Technology,UG,Computer Science and Engineering,National Institute of Technology Tiruchirappalli,9,4,1800000,1800000,2300000,2300000,5.388888889,0.782608696
India,Engineering & Technology,UG,Electronics and Communication Engineering,National Institute of Technology Tiruchirappalli,9,4,1800000,1800000,1800000,1800000,4,1
India,Engineering & Technology,PG,Computer Science and Engineering,National Institute of Technology Tiruchirappalli,9,2,800000,800000,1400000,1400000,7.75,0.571428571
India,Engineering & Technology,PG,Artificial Intelligence,National Institute of Technology Tiruchirappalli,9,2,800000,800000,1600000,1600000,9,0.5
India,Engineering & Technology,PG,Chemical Engineering,National Institute of Technology Tiruchirappalli,9,2,800000,800000,800000,800000,4,1
India,Engineering & Technology,PG,Power Systems,National Institute of Technology Tiruchirappalli,9,2,800000,800000,700000,700000,3.375,1.142857143
India,Engineering & Technology,PG,Material Science and Engineering,National Institute of Technology Tiruchirappalli,9,2,800000,800000,800000,800000,4,1
India,Engineering & Technology,PG,Communication Engineering,National Institute of Technology Tiruchirappalli,9,2,800000,800000,1300000,1300000,7.125,0.615384615
India,Engineering & Technology,PG,Transportation Engineering,National Institute of Technology Tiruchirappalli,9,2,800000,800000,800000,800000,4,1
India,Engineering & Technology,PG,Information Security,National Institute of Technology Tiruchirappalli,9,2,800000,800000,1400000,1400000,7.75,0.571428571
India,Engineering & Technology,PG,Microelectronics,National Institute of Technology Tiruchirappalli,9,2,800000,800000,1200000,1200000,6.5,0.666666667
India,Engineering & Technology,UG,Architecture,Indian Institute of Technology (Banaras Hindu University) Varanasi,10,5,1800000,1800000,1000000,1000000,1.777777778,1.8
India,Engineering & Technology,UG,Biochemical Engineering,Indian Institute of Technology (Banaras Hindu University) Varanasi,10,4,1800000,1800000,1000000,1000000,1.777777778,1.8
India,Engineering & Technology,UG,Bioengineering,Indian Institute of Technology (Banaras Hindu University) Varanasi,10,4,1800000,1800000,1000000,1000000,1.777777778,1.8
India,Engineering & Technology,UG,Ceramic Engineering,Indian Institute of Technology (Banaras Hindu University) Varanasi,10,4,1800000,1800000,1000000,1000000,1.777777778,1.8
India,Engineering & Technology,UG,Chemical Engineering,Indian Institute of Technology (Banaras Hindu University) Varanasi,10,4,1800000,1800000,1000000,1000000,1.777777778,1.8
India,Engineering & Technology,UG,Civil Engineering,Indian Institute of Technology (Banaras Hindu University) Varanasi,10,4,1800000,1800000,1100000,1100000,2.055555556,1.636363636
India,Engineering & Technology,UG,Computer Science and Engineering,Indian Institute of Technology (Banaras Hindu University) Varanasi,10,4,1800000,1800000,1700000,1700000,3.722222222,1.058823529
India,Engineering & Technology,UG,Electrical Engineering,Indian Institute of Technology (Banaras Hindu University) Varanasi,10,4,1800000,1800000,1500000,1500000,3.166666667,1.2
India,Engineering & Technology,UG,Electronics Engineering,Indian Institute of Technology (Banaras Hindu University) Varanasi,10,4,1800000,1800000,1500000,1500000,3.166666667,1.2
India,Engineering & Technology,UG,Engineering Physics,Indian Institute of Technology (Banaras Hindu University) Varanasi,10,4,1800000,1800000,900000,900000,1.5,2
India,Engineering & Technology,UG,Industrial Chemistry,Indian Institute of Technology (Banaras Hindu University) Varanasi,10,4,1800000,1800000,1000000,1000000,1.777777778,1.8
India,Engineering & Technology,UG,Materials Science and Technology,Indian Institute of Technology (Banaras Hindu University) Varanasi,10,4,1800000,1800000,1000000,1000000,1.777777778,1.8
India,Engineering & Technology,UG,Mathematics and Computing,Indian Institute of Technology (Banaras Hindu University) Varanasi,10,4,1800000,1800000,1700000,1700000,3.722222222,1.058823529
India,Engineering & Technology,UG,Mechanical Engineering,Indian Institute of Technology (Banaras Hindu University) Varanasi,10,4,1800000,1800000,1100000,1100000,2.055555556,1.636363636
India,Engineering & Technology,UG,Metallurgical Engineering,Indian Institute of Technology (Banaras Hindu University) Varanasi,10,4,1800000,1800000,1000000,1000000,1.777777778,1.8
India,Engineering & Technology,UG,Mining Engineering,Indian Institute of Technology (Banaras Hindu University) Varanasi,10,4,1800000,1800000,1000000,1000000,1.777777778,1.8
India,Engineering & Technology,UG,Pharmaceutical Engineering & Technology,Indian Institute of Technology (Banaras Hindu University) Varanasi,10,4,1800000,1800000,1000000,1000000,1.777777778,1.8
India,Engineering & Technology,PG,Computer Science and Engineering,Indian Institute of Technology (Banaras Hindu University) Varanasi,10,2,800000,800000,2300000,2300000,13.375,0.347826087
India,Engineering & Technology,PG,Control Systems,Indian Institute of Technology (Banaras Hindu University) Varanasi,10,2,800000,800000,1100000,1100000,5.875,0.727272727
India,Engineering & Technology,PG,Manufacturing Engineering,Indian Institute of Technology (Banaras Hindu University) Varanasi,10,2,800000,800000,1400000,1400000,7.75,0.571428571
India,Engineering & Technology,PG,Data Science,Indian Institute of Technology (Banaras Hindu University) Varanasi,10,2,800000,800000,2400000,2400000,14,0.333333333
India,Engineering & Technology,PG,Artificial Intelligence,Indian Institute of Technology (Banaras Hindu University) Varanasi,10,2,800000,800000,2200000,2200000,12.75,0.363636364
India,Engineering & Technology,PG,Power Systems,Indian Institute of Technology (Banaras Hindu University) Varanasi,10,2,800000,800000,1200000,1200000,6.5,0.666666667
India,Engineering & Technology,PG,Thermal Engineering,Indian Institute of Technology (Banaras Hindu University) Varanasi,10,2,800000,800000,1200000,1200000,6.5,0.666666667
India,Engineering & Technology,PG,Chemical Engineering,Indian Institute of Technology (Banaras Hindu University) Varanasi,10,2,800000,800000,1100000,1100000,5.875,0.727272727
India,Engineering & Technology,PG,Material Science and Engineering,Indian Institute of Technology (Banaras Hindu University) Varanasi,10,2,800000,800000,1000000,1000000,5.25,0.8
India,Engineering & Technology,PG,VLSI Design,Indian Institute of Technology (Banaras Hindu University) Varanasi,10,2,800000,800000,2300000,2300000,13.375,0.347826087
India,Engineering & Technology,PG,Machine Design,Indian Institute of Technology (Banaras Hindu University) Varanasi,10,2,800000,800000,1300000,1300000,7.125,0.615384615
India,Engineering & Technology,PG,Environmental Engineering,Indian Institute of Technology (Banaras Hindu University) Varanasi,10,2,800000,800000,1200000,1200000,6.5,0.666666667
India,Engineering & Technology,PG,Biotechnology,Indian Institute of Technology (Banaras Hindu University) Varanasi,10,2,800000,800000,1100000,1100000,5.875,0.727272727
India,Engineering & Technology,UG,Chemical Engineering,Birla Institute of Technology & Science -Pilani,11,4,1800000,1800000,1400000,1400000,2.888888889,1.285714286
India,Engineering & Technology,UG,Mechanical Engineering,Birla Institute of Technology & Science -Pilani,11,4,1800000,1800000,1500000,1500000,3.166666667,1.2
India,Engineering & Technology,UG,Computer Science,Birla Institute of Technology & Science -Pilani,11,4,1800000,1800000,3000000,3000000,7.333333333,0.6
India,Engineering & Technology,UG,Civil Engineering,Birla Institute of Technology & Science -Pilani,11,4,1800000,1800000,1200000,1200000,2.333333333,1.5
India,Engineering & Technology,UG,Manufacturing Engineering,Birla Institute of Technology & Science -Pilani,11,4,1800000,1800000,1200000,1200000,2.333333333,1.5
India,Engineering & Technology,UG,Electronics and Instrumentation Engineering,Birla Institute of Technology & Science -Pilani,11,4,1800000,1800000,2000000,2000000,4.555555556,0.9
India,Engineering & Technology,UG,Electrical and Electronics Engineering,Birla Institute of Technology & Science -Pilani,11,4,1800000,1800000,2200000,2200000,5.111111111,0.818181818
India,Engineering & Technology,PG,Computer Science and Engineering,Birla Institute of Technology & Science -Pilani,11,2,800000,800000,700000,700000,3.375,1.142857143
India,Engineering & Technology,PG,Communication Engineering,Birla Institute of Technology & Science -Pilani,11,2,800000,800000,800000,800000,4,1
India,Engineering & Technology,PG,Chemical Engineering,Birla Institute of Technology & Science -Pilani,11,2,800000,800000,400000,400000,1.5,2
India,Engineering & Technology,PG,Artificial Intelligence,Birla Institute of Technology & Science -Pilani,11,2,800000,800000,900000,900000,4.625,0.888888889
India,Engineering & Technology,PG,Environmental Engineering,Birla Institute of Technology & Science -Pilani,11,2,800000,800000,400000,400000,1.5,2
India,Engineering & Technology,PG,Machine Design,Birla Institute of Technology & Science -Pilani,11,2,800000,800000,400000,400000,1.5,2
India,Engineering & Technology,PG,VLSI Design,Birla Institute of Technology & Science -Pilani,11,2,800000,800000,800000,800000,4,1
India,Engineering & Technology,PG,Microelectronics,Birla Institute of Technology & Science -Pilani,11,2,800000,800000,600000,600000,2.75,1.333333333
India,Engineering & Technology,PG,Biotechnology,Birla Institute of Technology & Science -Pilani,11,2,800000,800000,400000,400000,1.5,2
India,Engineering & Technology,UG,Chemical Engineering,Indian Institute of Technology Indore,12,4,1800000,1800000,1000000,1000000,1.777777778,1.8
India,Engineering & Technology,UG,Civil Engineering,Indian Institute of Technology Indore,12,4,1800000,1800000,1000000,1000000,1.777777778,1.8
India,Engineering & Technology,UG,Computer Science and Engineering,Indian Institute of Technology Indore,12,4,1800000,1800000,1700000,1700000,3.722222222,1.058823529
India,Engineering & Technology,UG,Electrical Engineering,Indian Institute of Technology Indore,12,4,1800000,1800000,1500000,1500000,3.166666667,1.2
India,Engineering & Technology,UG,Engineering Physics,Indian Institute of Technology Indore,12,4,1800000,1800000,900000,900000,1.5,2
India,Engineering & Technology,UG,Mathematics and Computing,Indian Institute of Technology Indore,12,4,1800000,1800000,1700000,1700000,3.722222222,1.058823529
India,Engineering & Technology,UG,Mechanical Engineering,Indian Institute of Technology Indore,12,4,1800000,1800000,1200000,1200000,2.333333333,1.5
India,Engineering & Technology,UG,Metallurgical Engineering and Materials Science,Indian Institute of Technology Indore,12,4,1800000,1800000,1000000,1000000,1.777777778,1.8
India,Engineering & Technology,UG,Space Science and Engineering,Indian Institute of Technology Indore,12,4,1800000,1800000,900000,900000,1.5,2
India,Engineering & Technology,PG,Computer Science and Engineering,Indian Institute of Technology Indore,12,2,800000,800000,2600000,2600000,15.25,0.307692308
India,Engineering & Technology,PG,Thermal Engineering,Indian Institute of Technology Indore,12,2,800000,800000,1300000,1300000,7.125,0.615384615
India,Engineering & Technology,PG,VLSI Design,Indian Institute of Technology Indore,12,2,800000,800000,2100000,2100000,12.125,0.380952381
India,Engineering & Technology,PG,Manufacturing Engineering,Indian Institute of Technology Indore,12,2,800000,800000,1300000,1300000,7.125,0.615384615
India,Engineering & Technology,PG,Information Security,Indian Institute of Technology Indore,12,2,800000,800000,2600000,2600000,15.25,0.307692308
India,Engineering & Technology,PG,Microelectronics,Indian Institute of Technology Indore,12,2,800000,800000,2100000,2100000,12.125,0.380952381
India,Engineering & Technology,PG,Artificial Intelligence,Indian Institute of Technology Indore,12,2,800000,800000,2500000,2500000,14.625,0.32
India,Engineering & Technology,PG,Data Science,Indian Institute of Technology Indore,12,2,800000,800000,2600000,2600000,15.25,0.307692308
India,Engineering & Technology,PG,Control Systems,Indian Institute of Technology Indore,12,2,800000,800000,1300000,1300000,7.125,0.615384615
India,Engineering & Technology,PG,Power Systems,Indian Institute of Technology Indore,12,2,800000,800000,1400000,1400000,7.75,0.571428571
India,Engineering & Technology,PG,Material Science and Engineering,Indian Institute of Technology Indore,12,2,800000,800000,1000000,1000000,5.25,0.8
India,Engineering & Technology,UG,Architecture,National Institute of Technology Rourkela,13,5,1800000,1800000,800000,800000,1.222222222,2.25
India,Engineering & Technology,UG,Artificial Intelligence,National Institute of Technology Rourkela,13,4,1800000,1800000,1300000,1300000,2.611111111,1.384615385
India,Engineering & Technology,UG,Bio Medical Engineering,National Institute of Technology Rourkela,13,4,1800000,1800000,700000,700000,0.944444444,2.571428571
India,Engineering & Technology,UG,Bio Technology,National Institute of Technology Rourkela,13,4,1800000,1800000,800000,800000,1.222222222,2.25
India,Engineering & Technology,UG,Ceramic Engineering,National Institute of Technology Rourkela,13,4,1800000,1800000,800000,800000,1.222222222,2.25
India,Engineering & Technology,PG,Ceramic Engineering and M.Tech Industrial Ceramic ,National Institute of Technology Rourkela,13,5,800000,800000,800000,800000,4,1
India,Engineering & Technology,UG,Chemical Engineering,National Institute of Technology Rourkela,13,4,1800000,1800000,800000,800000,1.222222222,2.25
India,Engineering & Technology,PG,Chemical Engineering ,National Institute of Technology Rourkela,13,5,800000,800000,800000,800000,4,1
India,Engineering & Technology,UG,Chemistry,National Institute of Technology Rourkela,13,5,1800000,1800000,700000,700000,0.944444444,2.571428571
India,Engineering & Technology,UG,Civil Engineering,National Institute of Technology Rourkela,13,4,1800000,1800000,700000,700000,0.944444444,2.571428571
India,Engineering & Technology,UG,Computer Science and Engineering,National Institute of Technology Rourkela,13,4,1800000,1800000,1300000,1300000,2.611111111,1.384615385
India,Engineering & Technology,UG,Electrical Engineering,National Institute of Technology Rourkela,13,4,1800000,1800000,1200000,1200000,2.333333333,1.5
India,Engineering & Technology,UG,Electronics and Communication Engineering,National Institute of Technology Rourkela,13,4,1800000,1800000,1000000,1000000,1.777777778,1.8
India,Engineering & Technology,UG,Electronics and Instrumentation Engineering,National Institute of Technology Rourkela,13,4,1800000,1800000,1100000,1100000,2.055555556,1.636363636
India,Engineering & Technology,UG,Food Process Engineering,National Institute of Technology Rourkela,13,4,1800000,1800000,700000,700000,0.944444444,2.571428571
India,Engineering & Technology,UG,Industrial Design,National Institute of Technology Rourkela,13,4,1800000,1800000,700000,700000,0.944444444,2.571428571
India,Engineering & Technology,UG,Life Science,National Institute of Technology Rourkela,13,5,1800000,1800000,700000,700000,0.944444444,2.571428571
India,Engineering & Technology,UG,Mathematics,National Institute of Technology Rourkela,13,5,1800000,1800000,700000,700000,0.944444444,2.571428571
India,Engineering & Technology,UG,Mechanical Engineering,National Institute of Technology Rourkela,13,4,1800000,1800000,900000,900000,1.5,2
India,Engineering & Technology,UG,Metallurgical and Materials Engineering,National Institute of Technology Rourkela,13,4,1800000,1800000,700000,700000,0.944444444,2.571428571
India,Engineering & Technology,PG,Metallurgical and Materials Engineering ,National Institute of Technology Rourkela,13,5,800000,800000,800000,800000,4,1
India,Engineering & Technology,UG,Mining Engineering,National Institute of Technology Rourkela,13,4,1800000,1800000,800000,800000,1.222222222,2.25
India,Engineering & Technology,PG,Mining Engineering ,National Institute of Technology Rourkela,13,5,800000,800000,800000,800000,4,1
India,Engineering & Technology,UG,Physics,National Institute of Technology Rourkela,13,5,1800000,1800000,700000,700000,0.944444444,2.571428571
India,Engineering & Technology,PG,Computer Science and Engineering,National Institute of Technology Rourkela,13,2,800000,800000,1700000,1700000,9.625,0.470588235
India,Engineering & Technology,PG,Thermal Engineering,National Institute of Technology Rourkela,13,2,800000,800000,700000,700000,3.375,1.142857143
India,Engineering & Technology,PG,Structural Engineering,National Institute of Technology Rourkela,13,2,800000,800000,800000,800000,4,1
India,Engineering & Technology,PG,Artificial Intelligence,National Institute of Technology Rourkela,13,2,800000,800000,1600000,1600000,9,0.5
India,Engineering & Technology,PG,Control Systems,National Institute of Technology Rourkela,13,2,800000,800000,900000,900000,4.625,0.888888889
India,Engineering & Technology,PG,Microelectronics,National Institute of Technology Rourkela,13,2,800000,800000,1300000,1300000,7.125,0.615384615
India,Engineering & Technology,PG,Transportation Engineering,National Institute of Technology Rourkela,13,2,800000,800000,700000,700000,3.375,1.142857143
India,Engineering & Technology,PG,Information Security,National Institute of Technology Rourkela,13,2,800000,800000,1400000,1400000,7.75,0.571428571
India,Engineering & Technology,UG,Biotechnology,S.R.M. Institute of Science and Technology,14,4,1800000,1800000,400000,400000,0.111111111,4.5
India,Engineering & Technology,UG,Civil Engineering,S.R.M. Institute of Science and Technology,14,4,1800000,1800000,400000,400000,0.111111111,4.5
India,Engineering & Technology,UG,Electronics and Communication Engineering,S.R.M. Institute of Science and Technology,14,4,1800000,1800000,700000,700000,0.944444444,2.571428571
India,Engineering & Technology,UG,Mechanical Engineering,S.R.M. Institute of Science and Technology,14,4,1800000,1800000,500000,500000,0.388888889,3.6
India,Engineering & Technology,UG,Computer Science and Engineering,S.R.M. Institute of Science and Technology,14,4,1800000,1800000,900000,900000,1.5,2
India,Engineering & Technology,UG,Information Technology,S.R.M. Institute of Science and Technology,14,4,1800000,1800000,800000,800000,1.222222222,2.25
India,Engineering & Technology,UG,Aerospace Engineering,S.R.M. Institute of Science and Technology,14,4,1800000,1800000,500000,500000,0.388888889,3.6
India,Engineering & Technology,UG,Electrical and Electronics Engineering,S.R.M. Institute of Science and Technology,14,4,1800000,1800000,600000,600000,0.666666667,3
India,Engineering & Technology,PG,Computer Science and Engineering,S.R.M. Institute of Science and Technology,14,2,800000,800000,900000,900000,4.625,0.888888889
India,Engineering & Technology,PG,Chemical Engineering,S.R.M. Institute of Science and Technology,14,2,800000,800000,400000,400000,1.5,2
India,Engineering & Technology,PG,Manufacturing Engineering,S.R.M. Institute of Science and Technology,14,2,800000,800000,400000,400000,1.5,2
India,Engineering & Technology,PG,Communication Engineering,S.R.M. Institute of Science and Technology,14,2,800000,800000,900000,900000,4.625,0.888888889
India,Engineering & Technology,PG,Data Science,S.R.M. Institute of Science and Technology,14,2,800000,800000,800000,800000,4,1
India,Engineering & Technology,PG,Control Systems,S.R.M. Institute of Science and Technology,14,2,800000,800000,400000,400000,1.5,2
India,Engineering & Technology,PG,Microelectronics,S.R.M. Institute of Science and Technology,14,2,800000,800000,700000,700000,3.375,1.142857143
India,Engineering & Technology,PG,Artificial Intelligence,S.R.M. Institute of Science and Technology,14,2,800000,800000,900000,900000,4.625,0.888888889
India,Engineering & Technology,PG,Structural Engineering,S.R.M. Institute of Science and Technology,14,2,800000,800000,400000,400000,1.5,2
India,Engineering & Technology,PG,Applied Geology,Indian Institute of Technology (Indian School of Mines),15,5,800000,800000,1000000,1000000,5.25,0.8
India,Engineering & Technology,PG,Applied Geophysics,Indian Institute of Technology (Indian School of Mines),15,5,800000,800000,900000,900000,4.625,0.888888889
India,Engineering & Technology,UG,B.Tech Mining Engineering and MBA in Logistic and Supply Chain Management,Indian Institute of Technology (Indian School of Mines),15,5,1800000,1800000,1000000,1000000,1.777777778,1.8
India,Engineering & Technology,UG,Chemical Science,Indian Institute of Technology (Indian School of Mines),15,5,1800000,1800000,1000000,1000000,1.777777778,1.8
India,Engineering & Technology,UG,Chemical Engineering,Indian Institute of Technology (Indian School of Mines),15,4,1800000,1800000,1000000,1000000,1.777777778,1.8
India,Engineering & Technology,UG,Civil Engineering,Indian Institute of Technology (Indian School of Mines),15,4,1800000,1800000,1000000,1000000,1.777777778,1.8
India,Engineering & Technology,UG,Computer Science and Engineering,Indian Institute of Technology (Indian School of Mines),15,4,1800000,1800000,1600000,1600000,3.444444444,1.125
India,Engineering & Technology,UG,Electrical Engineering,Indian Institute of Technology (Indian School of Mines),15,4,1800000,1800000,1500000,1500000,3.166666667,1.2
India,Engineering & Technology,UG,Electronics and Communication Engineering,Indian Institute of Technology (Indian School of Mines),15,4,1800000,1800000,1500000,1500000,3.166666667,1.2
India,Engineering & Technology,UG,Engineering Physics,Indian Institute of Technology (Indian School of Mines),15,4,1800000,1800000,900000,900000,1.5,2
India,Engineering & Technology,UG,Environmental Engineering,Indian Institute of Technology (Indian School of Mines),15,4,1800000,1800000,1000000,1000000,1.777777778,1.8
India,Engineering & Technology,UG,Mathematics and Computing,Indian Institute of Technology (Indian School of Mines),15,4,1800000,1800000,1700000,1700000,3.722222222,1.058823529
India,Engineering & Technology,UG,Mechanical Engineering,Indian Institute of Technology (Indian School of Mines),15,4,1800000,1800000,1200000,1200000,2.333333333,1.5
India,Engineering & Technology,UG,Mineral and Metallurgical Engineering,Indian Institute of Technology (Indian School of Mines),15,4,1800000,1800000,1000000,1000000,1.777777778,1.8
India,Engineering & Technology,UG,Mining Engineering,Indian Institute of Technology (Indian School of Mines),15,4,1800000,1800000,1000000,1000000,1.777777778,1.8
India,Engineering & Technology,UG,Mining Machinery Engineering,Indian Institute of Technology (Indian School of Mines),15,4,1800000,1800000,1000000,1000000,1.777777778,1.8
India,Engineering & Technology,UG,Petroleum Engineering,Indian Institute of Technology (Indian School of Mines),15,4,1800000,1800000,1000000,1000000,1.777777778,1.8
India,Engineering & Technology,UG,Physical Science,Indian Institute of Technology (Indian School of Mines),15,5,1800000,1800000,1000000,1000000,1.777777778,1.8
India,Engineering & Technology,PG,Artificial Intelligence,Indian Institute of Technology (Indian School of Mines),15,2,800000,800000,2100000,2100000,12.125,0.380952381
India,Engineering & Technology,PG,VLSI Design,Indian Institute of Technology (Indian School of Mines),15,2,800000,800000,1900000,1900000,10.875,0.421052632
India,Engineering & Technology,PG,Machine Design,Indian Institute of Technology (Indian School of Mines),15,2,800000,800000,1300000,1300000,7.125,0.615384615
India,Engineering & Technology,PG,Structural Engineering,Indian Institute of Technology (Indian School of Mines),15,2,800000,800000,1200000,1200000,6.5,0.666666667
India,Engineering & Technology,PG,Power Systems,Indian Institute of Technology (Indian School of Mines),15,2,800000,800000,1300000,1300000,7.125,0.615384615
India,Engineering & Technology,PG,Computer Science and Engineering,Indian Institute of Technology (Indian School of Mines),15,2,800000,800000,2100000,2100000,12.125,0.380952381
India,Engineering & Technology,PG,Microelectronics,Indian Institute of Technology (Indian School of Mines),15,2,800000,800000,2200000,2200000,12.75,0.363636364
India,Engineering & Technology,PG,Transportation Engineering,Indian Institute of Technology (Indian School of Mines),15,2,800000,800000,1400000,1400000,7.75,0.571428571
India,Engineering & Technology,PG,Information Security,Indian Institute of Technology (Indian School of Mines),15,2,800000,800000,2400000,2400000,14,0.333333333
India,Engineering & Technology,PG,Control Systems,Indian Institute of Technology (Indian School of Mines),15,2,800000,800000,1100000,1100000,5.875,0.727272727
India,Engineering & Technology,PG,Chemical Engineering,Indian Institute of Technology (Indian School of Mines),15,2,800000,800000,1300000,1300000,7.125,0.615384615
India,Engineering & Technology,PG,Environmental Engineering,Indian Institute of Technology (Indian School of Mines),15,2,800000,800000,1100000,1100000,5.875,0.727272727
India,Engineering & Technology,PG,Manufacturing Engineering,Indian Institute of Technology (Indian School of Mines),15,2,800000,800000,1200000,1200000,6.5,0.666666667
India,Engineering & Technology,UG,Electronics and Communication Engineering,Vellore Institute of Technology,16,4,1800000,1800000,800000,800000,1.222222222,2.25
India,Engineering & Technology,UG,Civil Engineering,Vellore Institute of Technology,16,4,1800000,1800000,500000,500000,0.388888889,3.6
India,Engineering & Technology,UG,Information Technology,Vellore Institute of Technology,16,4,1800000,1800000,900000,900000,1.5,2
India,Engineering & Technology,UG,Biotechnology,Vellore Institute of Technology,16,4,1800000,1800000,500000,500000,0.388888889,3.6
India,Engineering & Technology,UG,Computer Science and Engineering,Vellore Institute of Technology,16,4,1800000,1800000,1000000,1000000,1.777777778,1.8
India,Engineering & Technology,UG,Chemical Engineering,Vellore Institute of Technology,16,4,1800000,1800000,600000,600000,0.666666667,3
India,Engineering & Technology,UG,Mechanical Engineering,Vellore Institute of Technology,16,4,1800000,1800000,600000,600000,0.666666667,3
India,Engineering & Technology,UG,Electrical and Electronics Engineering,Vellore Institute of Technology,16,4,1800000,1800000,700000,700000,0.944444444,2.571428571
India,Engineering & Technology,PG,Thermal Engineering,Vellore Institute of Technology,16,2,800000,800000,600000,600000,2.75,1.333333333
India,Engineering & Technology,PG,Control Systems,Vellore Institute of Technology,16,2,800000,800000,500000,500000,2.125,1.6
India,Engineering & Technology,PG,Computer Science and Engineering,Vellore Institute of Technology,16,2,800000,800000,1100000,1100000,5.875,0.727272727
India,Engineering & Technology,PG,Power Systems,Vellore Institute of Technology,16,2,800000,800000,600000,600000,2.75,1.333333333
India,Engineering & Technology,PG,Data Science,Vellore Institute of Technology,16,2,800000,800000,1200000,1200000,6.5,0.666666667
India,Engineering & Technology,PG,Biotechnology,Vellore Institute of Technology,16,2,800000,800000,600000,600000,2.75,1.333333333
India,Engineering & Technology,PG,Microelectronics,Vellore Institute of Technology,16,2,800000,800000,1000000,1000000,5.25,0.8
India,Engineering & Technology,PG,Structural Engineering,Vellore Institute of Technology,16,2,800000,800000,500000,500000,2.125,1.6
India,Engineering & Technology,PG,Machine Design,Vellore Institute of Technology,16,2,800000,800000,600000,600000,2.75,1.333333333
India,Engineering & Technology,PG,Environmental Engineering,Vellore Institute of Technology,16,2,800000,800000,600000,600000,2.75,1.333333333
India,Engineering & Technology,PG,Transportation Engineering,Vellore Institute of Technology,16,2,800000,800000,600000,600000,2.75,1.333333333
India,Engineering & Technology,PG,Artificial Intelligence,Vellore Institute of Technology,16,2,800000,800000,1200000,1200000,6.5,0.666666667
India,Engineering & Technology,PG,Communication Engineering,Vellore Institute of Technology,16,2,800000,800000,1200000,1200000,6.5,0.666666667
India,Engineering & Technology,PG,VLSI Design,Vellore Institute of Technology,16,2,800000,800000,1100000,1100000,5.875,0.727272727
India,Engineering & Technology,UG,Artificial Intelligence,"National Institute of Technology Karnataka, Surathkal",17,4,1800000,1800000,2200000,2200000,5.111111111,0.818181818
India,Engineering & Technology,UG,Chemical Engineering,"National Institute of Technology Karnataka, Surathkal",17,4,1800000,1800000,1400000,1400000,2.888888889,1.285714286
India,Engineering & Technology,UG,Civil Engineering,"National Institute of Technology Karnataka, Surathkal",17,4,1800000,1800000,1300000,1300000,2.611111111,1.384615385
India,Engineering & Technology,UG,Computational and Data Science,"National Institute of Technology Karnataka, Surathkal",17,4,1800000,1800000,2300000,2300000,5.388888889,0.782608696
India,Engineering & Technology,UG,Computer Science and Engineering,"National Institute of Technology Karnataka, Surathkal",17,4,1800000,1800000,2200000,2200000,5.111111111,0.818181818
India,Engineering & Technology,UG,Electrical and Electronics Engineering,"National Institute of Technology Karnataka, Surathkal",17,4,1800000,1800000,1900000,1900000,4.277777778,0.947368421
India,Engineering & Technology,UG,Electronics and Communication Engineering,"National Institute of Technology Karnataka, Surathkal",17,4,1800000,1800000,1900000,1900000,4.277777778,0.947368421
India,Engineering & Technology,UG,Information Technology,"National Institute of Technology Karnataka, Surathkal",17,4,1800000,1800000,2300000,2300000,5.388888889,0.782608696
India,Engineering & Technology,UG,Mechanical Engineering,"National Institute of Technology Karnataka, Surathkal",17,4,1800000,1800000,1600000,1600000,3.444444444,1.125
India,Engineering & Technology,UG,Metallurgical and Materials Engineering,"National Institute of Technology Karnataka, Surathkal",17,4,1800000,1800000,1300000,1300000,2.611111111,1.384615385
India,Engineering & Technology,UG,Mining Engineering,"National Institute of Technology Karnataka, Surathkal",17,4,1800000,1800000,1400000,1400000,2.888888889,1.285714286
India,Engineering & Technology,PG,Computer Science and Engineering,"National Institute of Technology Karnataka, Surathkal",17,2,800000,800000,1400000,1400000,7.75,0.571428571
India,Engineering & Technology,PG,Communication Engineering,"National Institute of Technology Karnataka, Surathkal",17,2,800000,800000,1500000,1500000,8.375,0.533333333
India,Engineering & Technology,PG,Machine Design,"National Institute of Technology Karnataka, Surathkal",17,2,800000,800000,700000,700000,3.375,1.142857143
India,Engineering & Technology,PG,Data Science,"National Institute of Technology Karnataka, Surathkal",17,2,800000,800000,1600000,1600000,9,0.5
India,Engineering & Technology,PG,Artificial Intelligence,"National Institute of Technology Karnataka, Surathkal",17,2,800000,800000,1700000,1700000,9.625,0.470588235
India,Engineering & Technology,PG,Manufacturing Engineering,"National Institute of Technology Karnataka, Surathkal",17,2,800000,800000,800000,800000,4,1
India,Engineering & Technology,PG,Material Science and Engineering,"National Institute of Technology Karnataka, Surathkal",17,2,800000,800000,800000,800000,4,1
India,Engineering & Technology,PG,Power Systems,"National Institute of Technology Karnataka, Surathkal",17,2,800000,800000,700000,700000,3.375,1.142857143
India,Engineering & Technology,PG,VLSI Design,"National Institute of Technology Karnataka, Surathkal",17,2,800000,800000,1400000,1400000,7.75,0.571428571
India,Engineering & Technology,PG,Chemical Engineering,"National Institute of Technology Karnataka, Surathkal",17,2,800000,800000,800000,800000,4,1
India,Engineering & Technology,PG,Biotechnology,"National Institute of Technology Karnataka, Surathkal",17,2,800000,800000,600000,600000,2.75,1.333333333
India,Engineering & Technology,PG,Environmental Engineering,"National Institute of Technology Karnataka, Surathkal",17,2,800000,800000,800000,800000,4,1
India,Engineering & Technology,UG,Civil Engineering,Jadavpur University,18,4,1800000,1800000,800000,800000,1.222222222,2.25
India,Engineering & Technology,UG,Electrical Engineering,Jadavpur University,18,4,1800000,1800000,1200000,1200000,2.333333333,1.5
India,Engineering & Technology,UG,Computer Science and Engineering,Jadavpur University,18,4,1800000,1800000,1800000,1800000,4,1
India,Engineering & Technology,UG,Chemical Engineering,Jadavpur University,18,4,1800000,1800000,900000,900000,1.5,2
India,Engineering & Technology,UG,Electronics and Telecommunication Engineering,Jadavpur University,18,4,1800000,1800000,1500000,1500000,3.166666667,1.2
India,Engineering & Technology,UG,Production Engineering,Jadavpur University,18,4,1800000,1800000,800000,800000,1.222222222,2.25
India,Engineering & Technology,UG,Instrumentation and Electronics Engineering,Jadavpur University,18,4,1800000,1800000,1100000,1100000,2.055555556,1.636363636
India,Engineering & Technology,UG,Mechanical Engineering,Jadavpur University,18,4,1800000,1800000,1000000,1000000,1.777777778,1.8
India,Engineering & Technology,UG,Information Technology,Jadavpur University,18,4,1800000,1800000,1600000,1600000,3.444444444,1.125
India,Engineering & Technology,UG,Metallurgical Engineering,Jadavpur University,18,4,1800000,1800000,800000,800000,1.222222222,2.25
India,Engineering & Technology,UG,Control Systems,Jadavpur University,18,2,1800000,1800000,600000,600000,0.666666667,3
India,Engineering & Technology,UG,Microelectronics,Jadavpur University,18,2,1800000,1800000,1000000,1000000,1.777777778,1.8
India,Engineering & Technology,UG,Environmental Engineering,Jadavpur University,18,2,1800000,1800000,500000,500000,0.388888889,3.6
India,Engineering & Technology,UG,Artificial Intelligence,Jadavpur University,18,2,1800000,1800000,1200000,1200000,2.333333333,1.5
India,Engineering & Technology,UG,Manufacturing Engineering,Jadavpur University,18,2,1800000,1800000,600000,600000,0.666666667,3
India,Engineering & Technology,UG,Computer Science and Engineering,Jadavpur University,18,2,1800000,1800000,1100000,1100000,2.055555556,1.636363636
India,Engineering & Technology,UG,Biotechnology,Jadavpur University,18,2,1800000,1800000,500000,500000,0.388888889,3.6
India,Engineering & Technology,UG,Chemical Engineering,Jadavpur University,18,2,1800000,1800000,600000,600000,0.666666667,3
India,Engineering & Technology,UG,Transportation Engineering,Jadavpur University,18,2,1800000,1800000,600000,600000,0.666666667,3
India,Engineering & Technology,UG,Data Science,Jadavpur University,18,2,1800000,1800000,1000000,1000000,1.777777778,1.8
India,Engineering & Technology,UG,Information Security,Jadavpur University,18,2,1800000,1800000,1000000,1000000,1.777777778,1.8
India,Engineering & Technology,UG,VLSI Design,Jadavpur University,18,2,1800000,1800000,1100000,1100000,2.055555556,1.636363636
India,Engineering & Technology,UG,Artificial Intelligence and Data Science,Indian Institute of Technology Patna,19,4,1800000,1800000,1700000,1700000,3.722222222,1.058823529
India,Engineering & Technology,PG,B. Tech in CE. - M. Tech. in Geotechnical Engineering ,Indian Institute of Technology Patna,19,5,800000,800000,1000000,1000000,5.25,0.8
India,Engineering & Technology,PG,B. Tech in CE. - M. Tech. in Structural Engineering ,Indian Institute of Technology Patna,19,5,800000,800000,1000000,1000000,5.25,0.8
India,Engineering & Technology,PG,B. Tech. and M.Tech in CSE ,Indian Institute of Technology Patna,19,5,800000,800000,1000000,1000000,5.25,0.8
India,Engineering & Technology,PG,B. Tech. -M. Tech. in VLSI ,Indian Institute of Technology Patna,19,5,800000,800000,1500000,1500000,8.375,0.533333333
India,Engineering & Technology,PG,B. Tech. -M. Tech. in ,Indian Institute of Technology Patna,19,5,800000,800000,1000000,1000000,5.25,0.8
India,Engineering & Technology,PG,B. Tech. M. Tech. in ,Indian Institute of Technology Patna,19,5,800000,800000,900000,900000,4.625,0.888888889
India,Engineering & Technology,PG,B. Tech. - M. Tech. in Mechatronics ,Indian Institute of Technology Patna,19,5,800000,800000,1200000,1200000,6.5,0.666666667
India,Engineering & Technology,UG,B.Tech - MBA in Digital Business Management ,Indian Institute of Technology Patna,19,5,1800000,1800000,1800000,1800000,4,1
India,Engineering & Technology,UG,B.Tech - MBA in Hospital and Health Care Management ,Indian Institute of Technology Patna,19,5,1800000,1800000,1000000,1000000,1.777777778,1.8
India,Engineering & Technology,UG,B.Tech - MBA in Hospital and Health Care Management ,Indian Institute of Technology Patna,19,5,1800000,1800000,1100000,1100000,2.055555556,1.636363636
India,Engineering & Technology,UG,B.Tech - MBA ,Indian Institute of Technology Patna,19,5,1800000,1800000,1000000,1000000,1.777777778,1.8
India,Engineering & Technology,UG,B.Tech - MBA ,Indian Institute of Technology Patna,19,5,1800000,1800000,1400000,1400000,2.888888889,1.285714286
India,Engineering & Technology,UG,B.Tech - MBA in Hospital and Healthcare Management ,Indian Institute of Technology Patna,19,5,1800000,1800000,1500000,1500000,3.166666667,1.2
India,Engineering & Technology,UG,B.Tech - MBA ,Indian Institute of Technology Patna,19,5,1800000,1800000,900000,900000,1.5,2
India,Engineering & Technology,UG,B.Tech - MBA ,Indian Institute of Technology Patna,19,5,1800000,1800000,1200000,1200000,2.333333333,1.5
India,Engineering & Technology,PG,B.Tech. in Electronics and Communication Engineering and M.Tech. in Communication Systems ,Indian Institute of Technology Patna,19,5,800000,800000,1400000,1400000,7.75,0.571428571
India,Engineering & Technology,UG,BS in Economics with MBA ,Indian Institute of Technology Patna,19,5,1800000,1800000,900000,900000,1.5,2
India,Engineering & Technology,UG,Chemical Engineering,Indian Institute of Technology Patna,19,4,1800000,1800000,1000000,1000000,1.777777778,1.8
India,Engineering & Technology,UG,Chemical Science and Technology,Indian Institute of Technology Patna,19,4,1800000,1800000,1000000,1000000,1.777777778,1.8
India,Engineering & Technology,UG,Civil Engineering,Indian Institute of Technology Patna,19,4,1800000,1800000,1000000,1000000,1.777777778,1.8
India,Engineering & Technology,UG,Computer Science and Engineering,Indian Institute of Technology Patna,19,4,1800000,1800000,1600000,1600000,3.444444444,1.125
India,Engineering & Technology,UG,Economics,Indian Institute of Technology Patna,19,4,1800000,1800000,900000,900000,1.5,2
India,Engineering & Technology,UG,Electrical and Electronics Engineering,Indian Institute of Technology Patna,19,4,1800000,1800000,1400000,1400000,2.888888889,1.285714286
India,Engineering & Technology,UG,Electronics and Communication Engineering,Indian Institute of Technology Patna,19,4,1800000,1800000,1400000,1400000,2.888888889,1.285714286
India,Engineering & Technology,UG,Engineering Physics,Indian Institute of Technology Patna,19,4,1800000,1800000,900000,900000,1.5,2
India,Engineering & Technology,UG,Mathematics and Computing,Indian Institute of Technology Patna,19,4,1800000,1800000,1800000,1800000,4,1
India,Engineering & Technology,UG,Mechanical Engineering,Indian Institute of Technology Patna,19,4,1800000,1800000,1200000,1200000,2.333333333,1.5
India,Engineering & Technology,UG,Metallurgical and Materials Engineering,Indian Institute of Technology Patna,19,4,1800000,1800000,1000000,1000000,1.777777778,1.8
India,Engineering & Technology,PG,Microelectronics,Indian Institute of Technology Patna,19,2,800000,800000,2300000,2300000,13.375,0.347826087
India,Engineering & Technology,PG,Information Security,Indian Institute of Technology Patna,19,2,800000,800000,2600000,2600000,15.25,0.307692308
India,Engineering & Technology,PG,Communication Engineering,Indian Institute of Technology Patna,19,2,800000,800000,2300000,2300000,13.375,0.347826087
India,Engineering & Technology,PG,Material Science and Engineering,Indian Institute of Technology Patna,19,2,800000,800000,1100000,1100000,5.875,0.727272727
India,Engineering & Technology,PG,Artificial Intelligence,Indian Institute of Technology Patna,19,2,800000,800000,2300000,2300000,13.375,0.347826087
India,Engineering & Technology,PG,VLSI Design,Indian Institute of Technology Patna,19,2,800000,800000,2400000,2400000,14,0.333333333
India,Engineering & Technology,PG,Transportation Engineering,Indian Institute of Technology Patna,19,2,800000,800000,1200000,1200000,6.5,0.666666667
India,Engineering & Technology,PG,Computer Science and Engineering,Indian Institute of Technology Patna,19,2,800000,800000,2100000,2100000,12.125,0.380952381
India,Engineering & Technology,PG,Control Systems,Indian Institute of Technology Patna,19,2,800000,800000,1400000,1400000,7.75,0.571428571
India,Engineering & Technology,PG,Biotechnology,Indian Institute of Technology Patna,19,2,800000,800000,1100000,1100000,5.875,0.727272727
India,Engineering & Technology,PG,Machine Design,Indian Institute of Technology Patna,19,2,800000,800000,1100000,1100000,5.875,0.727272727
India,Engineering & Technology,PG,Chemical Engineering,Indian Institute of Technology Patna,19,2,800000,800000,1400000,1400000,7.75,0.571428571
India,Engineering & Technology,PG,Manufacturing Engineering,Indian Institute of Technology Patna,19,2,800000,800000,1200000,1200000,6.5,0.666666667
India,Engineering & Technology,PG,Environmental Engineering,Indian Institute of Technology Patna,19,2,800000,800000,1100000,1100000,5.875,0.727272727
India,Engineering & Technology,UG,Electronics and Communication Engineering,Anna University,20,4,1800000,1800000,700000,700000,0.944444444,2.571428571
India,Engineering & Technology,UG,Computer Science and Engineering,Anna University,20,4,1800000,1800000,1000000,1000000,1.777777778,1.8
India,Engineering & Technology,UG,Information Technology,Anna University,20,4,1800000,1800000,900000,900000,1.5,2
India,Engineering & Technology,UG,Industrial Engineering,Anna University,20,4,1800000,1800000,400000,400000,0.111111111,4.5
India,Engineering & Technology,UG,Civil Engineering,Anna University,20,4,1800000,1800000,400000,400000,0.111111111,4.5
India,Engineering & Technology,UG,Printing Technology,Anna University,20,4,1800000,1800000,300000,300000,-0.166666667,6
India,Engineering & Technology,UG,Materials Science and Engineering,Anna University,20,4,1800000,1800000,400000,400000,0.111111111,4.5
India,Engineering & Technology,UG,Manufacturing Engineering,Anna University,20,4,1800000,1800000,400000,400000,0.111111111,4.5
India,Engineering & Technology,UG,Mechanical Engineering,Anna University,20,4,1800000,1800000,500000,500000,0.388888889,3.6
India,Engineering & Technology,UG,Electrical and Electronics Engineering,Anna University,20,4,1800000,1800000,600000,600000,0.666666667,3
India,Engineering & Technology,UG,Structural Engineering,Anna University,20,2,1800000,1800000,500000,500000,0.388888889,3.6
India,Engineering & Technology,UG,VLSI Design,Anna University,20,2,1800000,1800000,1100000,1100000,2.055555556,1.636363636
India,Engineering & Technology,UG,Data Science,Anna University,20,2,1800000,1800000,1100000,1100000,2.055555556,1.636363636
India,Engineering & Technology,UG,Artificial Intelligence,Anna University,20,2,1800000,1800000,1300000,1300000,2.611111111,1.384615385
India,Engineering & Technology,UG,Communication Engineering,Anna University,20,2,1800000,1800000,1000000,1000000,1.777777778,1.8
India,Engineering & Technology,UG,Computer Science and Engineering,Anna University,20,2,1800000,1800000,1100000,1100000,2.055555556,1.636363636
India,Engineering & Technology,UG,Biotechnology,Anna University,20,2,1800000,1800000,500000,500000,0.388888889,3.6
India,Engineering & Technology,UG,Thermal Engineering,Anna University,20,2,1800000,1800000,600000,600000,0.666666667,3
India,Engineering & Technology,UG,Environmental Engineering,Anna University,20,2,1800000,1800000,600000,600000,0.666666667,3
India,Engineering & Technology,UG,Microelectronics,Anna University,20,2,1800000,1800000,1200000,1200000,2.333333333,1.5
India,Engineering & Technology,UG,Material Science and Engineering,Anna University,20,2,1800000,1800000,500000,500000,0.388888889,3.6
India,Engineering & Technology,UG,Chemical Engineering,Anna University,20,2,1800000,1800000,600000,600000,0.666666667,3
India,Engineering & Technology,UG,Transportation Engineering,Anna University,20,2,1800000,1800000,600000,600000,0.666666667,3
India,Engineering & Technology,UG,Control Systems,Anna University,20,2,1800000,1800000,700000,700000,0.944444444,2.571428571
India,Engineering & Technology,UG,Information Security,Anna University,20,2,1800000,1800000,1200000,1200000,2.333333333,1.5
India,Engineering & Technology,UG,Architecture,National Institute of Technology Calicut,21,5,1800000,1800000,700000,700000,0.944444444,2.571428571
India,Engineering & Technology,UG,Bio Technology,National Institute of Technology Calicut,21,4,1800000,1800000,800000,800000,1.222222222,2.25
India,Engineering & Technology,UG,Chemical Engineering,National Institute of Technology Calicut,21,4,1800000,1800000,800000,800000,1.222222222,2.25
India,Engineering & Technology,UG,Civil Engineering,National Institute of Technology Calicut,21,4,1800000,1800000,800000,800000,1.222222222,2.25
India,Engineering & Technology,UG,Computer Science and Engineering,National Institute of Technology Calicut,21,4,1800000,1800000,1400000,1400000,2.888888889,1.285714286
India,Engineering & Technology,UG,Electrical and Electronics Engineering,National Institute of Technology Calicut,21,4,1800000,1800000,1100000,1100000,2.055555556,1.636363636
India,Engineering & Technology,UG,Electronics and Communication Engineering,National Institute of Technology Calicut,21,4,1800000,1800000,1100000,1100000,2.055555556,1.636363636
India,Engineering & Technology,UG,Energy Engineering,National Institute of Technology Calicut,21,4,1800000,1800000,800000,800000,1.222222222,2.25
India,Engineering & Technology,UG,Engineering Physics,National Institute of Technology Calicut,21,4,1800000,1800000,700000,700000,0.944444444,2.571428571
India,Engineering & Technology,UG,Materials Science and Engineering,National Institute of Technology Calicut,21,4,1800000,1800000,700000,700000,0.944444444,2.571428571
India,Engineering & Technology,UG,Mechanical Engineering,National Institute of Technology Calicut,21,4,1800000,1800000,900000,900000,1.5,2
India,Engineering & Technology,UG,Production Engineering,National Institute of Technology Calicut,21,4,1800000,1800000,700000,700000,0.944444444,2.571428571
India,Engineering & Technology,PG,Material Science and Engineering,National Institute of Technology Calicut,21,2,800000,800000,800000,800000,4,1
India,Engineering & Technology,PG,Manufacturing Engineering,National Institute of Technology Calicut,21,2,800000,800000,700000,700000,3.375,1.142857143
India,Engineering & Technology,PG,Artificial Intelligence,National Institute of Technology Calicut,21,2,800000,800000,1600000,1600000,9,0.5
India,Engineering & Technology,PG,Machine Design,National Institute of Technology Calicut,21,2,800000,800000,800000,800000,4,1
India,Engineering & Technology,PG,Chemical Engineering,National Institute of Technology Calicut,21,2,800000,800000,800000,800000,4,1
India,Engineering & Technology,PG,Structural Engineering,National Institute of Technology Calicut,21,2,800000,800000,800000,800000,4,1
India,Engineering & Technology,PG,Computer Science and Engineering,National Institute of Technology Calicut,21,2,800000,800000,1800000,1800000,10.25,0.444444444
India,Engineering & Technology,PG,Thermal Engineering,National Institute of Technology Calicut,21,2,800000,800000,900000,900000,4.625,0.888888889
India,Engineering & Technology,PG,VLSI Design,National Institute of Technology Calicut,21,2,800000,800000,1200000,1200000,6.5,0.666666667
India,Engineering & Technology,UG,Mechanical Engineering,Siksha `O` Anusandhan,22,4,1800000,1800000,300000,300000,-0.166666667,6
India,Engineering & Technology,UG,Electronics and Communication Engineering,Siksha `O` Anusandhan,22,4,1800000,1800000,500000,500000,0.388888889,3.6
India,Engineering & Technology,UG,Information Technology,Siksha `O` Anusandhan,22,4,1800000,1800000,600000,600000,0.666666667,3
India,Engineering & Technology,UG,Civil Engineering,Siksha `O` Anusandhan,22,4,1800000,1800000,300000,300000,-0.166666667,6
India,Engineering & Technology,UG,Computer Science and Engineering,Siksha `O` Anusandhan,22,4,1800000,1800000,600000,600000,0.666666667,3
India,Engineering & Technology,UG,Electrical Engineering,Siksha `O` Anusandhan,22,4,1800000,1800000,400000,400000,0.111111111,4.5
India,Engineering & Technology,PG,Computer Science and Engineering,Siksha `O` Anusandhan,22,2,800000,800000,700000,700000,3.375,1.142857143
India,Engineering & Technology,PG,Material Science and Engineering,Siksha `O` Anusandhan,22,2,800000,800000,400000,400000,1.5,2
India,Engineering & Technology,PG,Transportation Engineering,Siksha `O` Anusandhan,22,2,800000,800000,400000,400000,1.5,2
India,Engineering & Technology,PG,Biotechnology,Siksha `O` Anusandhan,22,2,800000,800000,400000,400000,1.5,2
India,Engineering & Technology,PG,Power Systems,Siksha `O` Anusandhan,22,2,800000,800000,400000,400000,1.5,2
India,Engineering & Technology,PG,Thermal Engineering,Siksha `O` Anusandhan,22,2,800000,800000,400000,400000,1.5,2
India,Engineering & Technology,PG,Artificial Intelligence,Siksha `O` Anusandhan,22,2,800000,800000,700000,700000,3.375,1.142857143
India,Engineering & Technology,PG,VLSI Design,Siksha `O` Anusandhan,22,2,800000,800000,900000,900000,4.625,0.888888889
India,Engineering & Technology,UG,Mechanical Engineering,Amrita Vishwa Vidyapeetham,23,4,1800000,1800000,300000,300000,-0.166666667,6
India,Engineering & Technology,UG,Computer Science and Engineering,Amrita Vishwa Vidyapeetham,23,4,1800000,1800000,600000,600000,0.666666667,3
India,Engineering & Technology,UG,Information Technology,Amrita Vishwa Vidyapeetham,23,4,1800000,1800000,600000,600000,0.666666667,3
India,Engineering & Technology,UG,Electronics and Communication Engineering,Amrita Vishwa Vidyapeetham,23,4,1800000,1800000,500000,500000,0.388888889,3.6
India,Engineering & Technology,UG,Electrical Engineering,Amrita Vishwa Vidyapeetham,23,4,1800000,1800000,400000,400000,0.111111111,4.5
India,Engineering & Technology,UG,Civil Engineering,Amrita Vishwa Vidyapeetham,23,4,1800000,1800000,300000,300000,-0.166666667,6
India,Engineering & Technology,PG,Data Science,Amrita Vishwa Vidyapeetham,23,2,800000,800000,900000,900000,4.625,0.888888889
India,Engineering & Technology,PG,Microelectronics,Amrita Vishwa Vidyapeetham,23,2,800000,800000,800000,800000,4,1
India,Engineering & Technology,PG,Information Security,Amrita Vishwa Vidyapeetham,23,2,800000,800000,700000,700000,3.375,1.142857143
India,Engineering & Technology,PG,Artificial Intelligence,Amrita Vishwa Vidyapeetham,23,2,800000,800000,800000,800000,4,1
India,Engineering & Technology,PG,Material Science and Engineering,Amrita Vishwa Vidyapeetham,23,2,800000,800000,300000,300000,0.875,2.666666667
India,Engineering & Technology,PG,Biotechnology,Amrita Vishwa Vidyapeetham,23,2,800000,800000,300000,300000,0.875,2.666666667
India,Engineering & Technology,PG,Machine Design,Amrita Vishwa Vidyapeetham,23,2,800000,800000,400000,400000,1.5,2
India,Engineering & Technology,PG,VLSI Design,Amrita Vishwa Vidyapeetham,23,2,800000,800000,700000,700000,3.375,1.142857143
India,Engineering & Technology,PG,Structural Engineering,Amrita Vishwa Vidyapeetham,23,2,800000,800000,400000,400000,1.5,2
India,Engineering & Technology,PG,Manufacturing Engineering,Amrita Vishwa Vidyapeetham,23,2,800000,800000,400000,400000,1.5,2
India,Engineering & Technology,PG,Environmental Engineering,Amrita Vishwa Vidyapeetham,23,2,800000,800000,400000,400000,1.5,2
India,Engineering & Technology,PG,Thermal Engineering,Amrita Vishwa Vidyapeetham,23,2,800000,800000,500000,500000,2.125,1.6
India,Engineering & Technology,PG,Computer Science and Engineering,Amrita Vishwa Vidyapeetham,23,2,800000,800000,700000,700000,3.375,1.142857143
India,Engineering & Technology,UG,Electronics and Communication Engineering,Jamia Millia Islamia,24,4,1800000,1800000,800000,800000,1.222222222,2.25
India,Engineering & Technology,UG,Electrical Engineering,Jamia Millia Islamia,24,4,1800000,1800000,700000,700000,0.944444444,2.571428571
India,Engineering & Technology,UG,Civil Engineering,Jamia Millia Islamia,24,4,1800000,1800000,500000,500000,0.388888889,3.6
India,Engineering & Technology,UG,Mechanical Engineering,Jamia Millia Islamia,24,4,1800000,1800000,500000,500000,0.388888889,3.6
India,Engineering & Technology,UG,Computer Engineering,Jamia Millia Islamia,24,4,1800000,1800000,1100000,1100000,2.055555556,1.636363636
India,Engineering & Technology,PG,Structural Engineering,Jamia Millia Islamia,24,2,800000,800000,500000,500000,2.125,1.6
India,Engineering & Technology,PG,Biotechnology,Jamia Millia Islamia,24,2,800000,800000,300000,300000,0.875,2.666666667
India,Engineering & Technology,PG,Computer Science and Engineering,Jamia Millia Islamia,24,2,800000,800000,700000,700000,3.375,1.142857143
India,Engineering & Technology,PG,Communication Engineering,Jamia Millia Islamia,24,2,800000,800000,900000,900000,4.625,0.888888889
India,Engineering & Technology,PG,Machine Design,Jamia Millia Islamia,24,2,800000,800000,400000,400000,1.5,2
India,Engineering & Technology,PG,Thermal Engineering,Jamia Millia Islamia,24,2,800000,800000,400000,400000,1.5,2
India,Engineering & Technology,PG,VLSI Design,Jamia Millia Islamia,24,2,800000,800000,700000,700000,3.375,1.142857143
India,Engineering & Technology,PG,Chemical Engineering,Jamia Millia Islamia,24,2,800000,800000,300000,300000,0.875,2.666666667
India,Engineering & Technology,UG,Artificial Intelligence,Indian Institute of Technology Gandhinagar,25,4,1800000,1800000,1700000,1700000,3.722222222,1.058823529
India,Engineering & Technology,UG,Chemical Engineering,Indian Institute of Technology Gandhinagar,25,4,1800000,1800000,1000000,1000000,1.777777778,1.8
India,Engineering & Technology,UG,Civil Engineering,Indian Institute of Technology Gandhinagar,25,4,1800000,1800000,1000000,1000000,1.777777778,1.8
India,Engineering & Technology,UG,Computer Science and Engineering,Indian Institute of Technology Gandhinagar,25,4,1800000,1800000,1700000,1700000,3.722222222,1.058823529
India,Engineering & Technology,UG,Electrical Engineering,Indian Institute of Technology Gandhinagar,25,4,1800000,1800000,1400000,1400000,2.888888889,1.285714286
India,Engineering & Technology,UG,Integrated Circuit Design & Technology,Indian Institute of Technology Gandhinagar,25,4,1800000,1800000,1000000,1000000,1.777777778,1.8
India,Engineering & Technology,UG,Materials Engineering,Indian Institute of Technology Gandhinagar,25,4,1800000,1800000,1000000,1000000,1.777777778,1.8
India,Engineering & Technology,UG,Mechanical Engineering,Indian Institute of Technology Gandhinagar,25,4,1800000,1800000,1200000,1200000,2.333333333,1.5
India,Engineering & Technology,PG,Structural Engineering,Indian Institute of Technology Gandhinagar,25,2,800000,800000,1300000,1300000,7.125,0.615384615
India,Engineering & Technology,PG,Manufacturing Engineering,Indian Institute of Technology Gandhinagar,25,2,800000,800000,1100000,1100000,5.875,0.727272727
India,Engineering & Technology,PG,Biotechnology,Indian Institute of Technology Gandhinagar,25,2,800000,800000,1200000,1200000,6.5,0.666666667
India,Engineering & Technology,PG,Chemical Engineering,Indian Institute of Technology Gandhinagar,25,2,800000,800000,1100000,1100000,5.875,0.727272727
India,Engineering & Technology,PG,Thermal Engineering,Indian Institute of Technology Gandhinagar,25,2,800000,800000,1200000,1200000,6.5,0.666666667
India,Engineering & Technology,PG,Computer Science and Engineering,Indian Institute of Technology Gandhinagar,25,2,800000,800000,2500000,2500000,14.625,0.32
India,Engineering & Technology,PG,Control Systems,Indian Institute of Technology Gandhinagar,25,2,800000,800000,1200000,1200000,6.5,0.666666667
India,Engineering & Technology,PG,Machine Design,Indian Institute of Technology Gandhinagar,25,2,800000,800000,1400000,1400000,7.75,0.571428571
India,Engineering & Technology,PG,Artificial Intelligence,Indian Institute of Technology Gandhinagar,25,2,800000,800000,2500000,2500000,14.625,0.32
India,Engineering & Technology,UG,B.Tech in General Engineering,Indian Institute of Technology Mandi,26,4,1800000,1800000,1000000,1000000,1.777777778,1.8
India,Engineering & Technology,UG,B.Tech in Materials Science and Engineering,Indian Institute of Technology Mandi,26,4,1800000,1800000,1000000,1000000,1.777777778,1.8
India,Engineering & Technology,UG,B.Tech in Mathematics and Computing,Indian Institute of Technology Mandi,26,4,1800000,1800000,1600000,1600000,3.444444444,1.125
India,Engineering & Technology,UG,B.Tech in Microelectronics & VLSI,Indian Institute of Technology Mandi,26,4,1800000,1800000,1500000,1500000,3.166666667,1.2
India,Engineering & Technology,UG,Bio Engineering,Indian Institute of Technology Mandi,26,4,1800000,1800000,1000000,1000000,1.777777778,1.8
India,Engineering & Technology,UG,BS in Chemical Sciences,Indian Institute of Technology Mandi,26,4,1800000,1800000,1000000,1000000,1.777777778,1.8
India,Engineering & Technology,UG,Civil Engineering,Indian Institute of Technology Mandi,26,4,1800000,1800000,1100000,1100000,2.055555556,1.636363636
India,Engineering & Technology,UG,Computer Science and Engineering,Indian Institute of Technology Mandi,26,4,1800000,1800000,1700000,1700000,3.722222222,1.058823529
India,Engineering & Technology,UG,Data Science and Artificial Intelligence,Indian Institute of Technology Mandi,26,4,1800000,1800000,1700000,1700000,3.722222222,1.058823529
India,Engineering & Technology,UG,Electrical Engineering,Indian Institute of Technology Mandi,26,4,1800000,1800000,1400000,1400000,2.888888889,1.285714286
India,Engineering & Technology,UG,Engineering Physics,Indian Institute of Technology Mandi,26,4,1800000,1800000,900000,900000,1.5,2
India,Engineering & Technology,UG,Mechanical Engineering,Indian Institute of Technology Mandi,26,4,1800000,1800000,1100000,1100000,2.055555556,1.636363636
India,Engineering & Technology,PG,Computer Science and Engineering,Indian Institute of Technology Mandi,26,2,800000,800000,2600000,2600000,15.25,0.307692308
India,Engineering & Technology,PG,VLSI Design,Indian Institute of Technology Mandi,26,2,800000,800000,2100000,2100000,12.125,0.380952381
India,Engineering & Technology,PG,Environmental Engineering,Indian Institute of Technology Mandi,26,2,800000,800000,1200000,1200000,6.5,0.666666667
India,Engineering & Technology,PG,Control Systems,Indian Institute of Technology Mandi,26,2,800000,800000,1200000,1200000,6.5,0.666666667
India,Engineering & Technology,PG,Power Systems,Indian Institute of Technology Mandi,26,2,800000,800000,1400000,1400000,7.75,0.571428571
India,Engineering & Technology,PG,Communication Engineering,Indian Institute of Technology Mandi,26,2,800000,800000,2400000,2400000,14,0.333333333
India,Engineering & Technology,PG,Microelectronics,Indian Institute of Technology Mandi,26,2,800000,800000,2200000,2200000,12.75,0.363636364
India,Engineering & Technology,PG,Biotechnology,Indian Institute of Technology Mandi,26,2,800000,800000,1000000,1000000,5.25,0.8
India,Engineering & Technology,PG,Data Science,Indian Institute of Technology Mandi,26,2,800000,800000,2200000,2200000,12.75,0.363636364
India,Engineering & Technology,UG,Artificial Intelligence and Data Science,Indian Institute of Technology Jodhpur,27,4,1800000,1800000,1700000,1700000,3.722222222,1.058823529
India,Engineering & Technology,UG,Bio Engineering,Indian Institute of Technology Jodhpur,27,4,1800000,1800000,1000000,1000000,1.777777778,1.8
India,Engineering & Technology,UG,Chemical Engineering,Indian Institute of Technology Jodhpur,27,4,1800000,1800000,1000000,1000000,1.777777778,1.8
India,Engineering & Technology,UG,Chemistry with Specialization,Indian Institute of Technology Jodhpur,27,4,1800000,1800000,900000,900000,1.5,2
India,Engineering & Technology,UG,Civil and Infrastructure Engineering,Indian Institute of Technology Jodhpur,27,4,1800000,1800000,1000000,1000000,1.777777778,1.8
India,Engineering & Technology,UG,Computer Science and Engineering,Indian Institute of Technology Jodhpur,27,4,1800000,1800000,1700000,1700000,3.722222222,1.058823529
India,Engineering & Technology,UG,Electrical Engineering,Indian Institute of Technology Jodhpur,27,4,1800000,1800000,1400000,1400000,2.888888889,1.285714286
India,Engineering & Technology,UG,Electronics Engineering,Indian Institute of Technology Jodhpur,27,4,1800000,1800000,1400000,1400000,2.888888889,1.285714286
India,Engineering & Technology,UG,Materials Engineering,Indian Institute of Technology Jodhpur,27,4,1800000,1800000,1000000,1000000,1.777777778,1.8
India,Engineering & Technology,UG,Mechanical Engineering,Indian Institute of Technology Jodhpur,27,4,1800000,1800000,1100000,1100000,2.055555556,1.636363636
India,Engineering & Technology,UG,Physics with Specialization,Indian Institute of Technology Jodhpur,27,4,1800000,1800000,900000,900000,1.5,2
India,Engineering & Technology,PG,VLSI Design,Indian Institute of Technology Jodhpur,27,2,800000,800000,2400000,2400000,14,0.333333333
India,Engineering & Technology,PG,Material Science and Engineering,Indian Institute of Technology Jodhpur,27,2,800000,800000,1100000,1100000,5.875,0.727272727
India,Engineering & Technology,PG,Machine Design,Indian Institute of Technology Jodhpur,27,2,800000,800000,1200000,1200000,6.5,0.666666667
India,Engineering & Technology,PG,Power Systems,Indian Institute of Technology Jodhpur,27,2,800000,800000,1400000,1400000,7.75,0.571428571
India,Engineering & Technology,PG,Control Systems,Indian Institute of Technology Jodhpur,27,2,800000,800000,1100000,1100000,5.875,0.727272727
India,Engineering & Technology,PG,Microelectronics,Indian Institute of Technology Jodhpur,27,2,800000,800000,2300000,2300000,13.375,0.347826087
India,Engineering & Technology,PG,Transportation Engineering,Indian Institute of Technology Jodhpur,27,2,800000,800000,1100000,1100000,5.875,0.727272727
India,Engineering & Technology,PG,Biotechnology,Indian Institute of Technology Jodhpur,27,2,800000,800000,1100000,1100000,5.875,0.727272727
India,Engineering & Technology,PG,Artificial Intelligence,Indian Institute of Technology Jodhpur,27,2,800000,800000,2200000,2200000,12.75,0.363636364
India,Engineering & Technology,PG,Computer Science and Engineering,Indian Institute of Technology Jodhpur,27,2,800000,800000,2300000,2300000,13.375,0.347826087
India,Engineering & Technology,PG,Chemical Engineering,Indian Institute of Technology Jodhpur,27,2,800000,800000,1200000,1200000,6.5,0.666666667
India,Engineering & Technology,PG,Data Science,Indian Institute of Technology Jodhpur,27,2,800000,800000,2500000,2500000,14.625,0.32
India,Engineering & Technology,PG,Thermal Engineering,Indian Institute of Technology Jodhpur,27,2,800000,800000,1400000,1400000,7.75,0.571428571
India,Engineering & Technology,PG,Structural Engineering,Indian Institute of Technology Jodhpur,27,2,800000,800000,1300000,1300000,7.125,0.615384615
India,Engineering & Technology,PG,Manufacturing Engineering,Indian Institute of Technology Jodhpur,27,2,800000,800000,1100000,1100000,5.875,0.727272727
India,Engineering & Technology,UG,Bio Technology,National Institute of Technology Warangal,28,4,1800000,1800000,1300000,1300000,2.611111111,1.384615385
India,Engineering & Technology,UG,Chemical Engineering,National Institute of Technology Warangal,28,4,1800000,1800000,1400000,1400000,2.888888889,1.285714286
India,Engineering & Technology,PG,Chemical Engineering ,National Institute of Technology Warangal,28,5,800000,800000,1300000,1300000,7.125,0.615384615
India,Engineering & Technology,UG,Chemistry,National Institute of Technology Warangal,28,5,1800000,1800000,1200000,1200000,2.333333333,1.5
India,Engineering & Technology,UG,Civil Engineering,National Institute of Technology Warangal,28,4,1800000,1800000,1400000,1400000,2.888888889,1.285714286
India,Engineering & Technology,UG,Computer Science and Engineering,National Institute of Technology Warangal,28,4,1800000,1800000,2200000,2200000,5.111111111,0.818181818
India,Engineering & Technology,UG,Computer Science and Engineering,National Institute of Technology Warangal,28,4,1800000,1800000,2300000,2300000,5.388888889,0.782608696
India,Engineering & Technology,UG,Electrical and Electronics Engineering,National Institute of Technology Warangal,28,4,1800000,1800000,2000000,2000000,4.555555556,0.9
India,Engineering & Technology,UG,Electronics and Communication Engineering,National Institute of Technology Warangal,28,4,1800000,1800000,1800000,1800000,4,1
India,Engineering & Technology,UG,Electronics and Communication Engineering,National Institute of Technology Warangal,28,4,1800000,1800000,2000000,2000000,4.555555556,0.9
India,Engineering & Technology,UG,Mathematics,National Institute of Technology Warangal,28,5,1800000,1800000,1300000,1300000,2.611111111,1.384615385
India,Engineering & Technology,UG,Mathematics and Computing,National Institute of Technology Warangal,28,4,1800000,1800000,2200000,2200000,5.111111111,0.818181818
India,Engineering & Technology,UG,Mechanical Engineering,National Institute of Technology Warangal,28,4,1800000,1800000,1600000,1600000,3.444444444,1.125
India,Engineering & Technology,UG,Metallurgical and Materials Engineering,National Institute of Technology Warangal,28,4,1800000,1800000,1400000,1400000,2.888888889,1.285714286
India,Engineering & Technology,PG,Metallurgical and Materials Engineering ,National Institute of Technology Warangal,28,5,800000,800000,1400000,1400000,7.75,0.571428571
India,Engineering & Technology,UG,Physics,National Institute of Technology Warangal,28,5,1800000,1800000,1200000,1200000,2.333333333,1.5
India,Engineering & Technology,PG,Thermal Engineering,National Institute of Technology Warangal,28,2,800000,800000,800000,800000,4,1
India,Engineering & Technology,PG,Communication Engineering,National Institute of Technology Warangal,28,2,800000,800000,1500000,1500000,8.375,0.533333333
India,Engineering & Technology,PG,Material Science and Engineering,National Institute of Technology Warangal,28,2,800000,800000,600000,600000,2.75,1.333333333
India,Engineering & Technology,PG,Machine Design,National Institute of Technology Warangal,28,2,800000,800000,800000,800000,4,1
India,Engineering & Technology,PG,VLSI Design,National Institute of Technology Warangal,28,2,800000,800000,1500000,1500000,8.375,0.533333333
India,Engineering & Technology,PG,Control Systems,National Institute of Technology Warangal,28,2,800000,800000,900000,900000,4.625,0.888888889
India,Engineering & Technology,PG,Data Science,National Institute of Technology Warangal,28,2,800000,800000,1700000,1700000,9.625,0.470588235
India,Engineering & Technology,PG,Artificial Intelligence,National Institute of Technology Warangal,28,2,800000,800000,1500000,1500000,8.375,0.533333333
India,Engineering & Technology,PG,Chemical Engineering,National Institute of Technology Warangal,28,2,800000,800000,800000,800000,4,1
India,Engineering & Technology,PG,Computer Science and Engineering,National Institute of Technology Warangal,28,2,800000,800000,1700000,1700000,9.625,0.470588235
India,Engineering & Technology,PG,Microelectronics,National Institute of Technology Warangal,28,2,800000,800000,1300000,1300000,7.125,0.615384615
India,Engineering & Technology,PG,Power Systems,National Institute of Technology Warangal,28,2,800000,800000,800000,800000,4,1
India,Engineering & Technology,PG,Environmental Engineering,National Institute of Technology Warangal,28,2,800000,800000,900000,900000,4.625,0.888888889
India,Engineering & Technology,PG,Manufacturing Engineering,National Institute of Technology Warangal,28,2,800000,800000,700000,700000,3.375,1.142857143
India,Engineering & Technology,PG,Structural Engineering,National Institute of Technology Warangal,28,2,800000,800000,700000,700000,3.375,1.142857143
India,Engineering & Technology,UG,Electrical Engineering,Thapar Institute of Engineering and Technology (Deemed-to-be-university),29,4,1800000,1800000,900000,900000,1.5,2
India,Engineering & Technology,UG,Chemical Engineering,Thapar Institute of Engineering and Technology (Deemed-to-be-university),29,4,1800000,1800000,800000,800000,1.222222222,2.25
India,Engineering & Technology,UG,Computer Science and Engineering,Thapar Institute of Engineering and Technology (Deemed-to-be-university),29,4,1800000,1800000,1600000,1600000,3.444444444,1.125
India,Engineering & Technology,UG,Electronics and Communication Engineering,Thapar Institute of Engineering and Technology (Deemed-to-be-university),29,4,1800000,1800000,1200000,1200000,2.333333333,1.5
India,Engineering & Technology,UG,Civil Engineering,Thapar Institute of Engineering and Technology (Deemed-to-be-university),29,4,1800000,1800000,700000,700000,0.944444444,2.571428571
India,Engineering & Technology,UG,Mechatronics,Thapar Institute of Engineering and Technology (Deemed-to-be-university),29,4,1800000,1800000,900000,900000,1.5,2
India,Engineering & Technology,UG,Mechanical Engineering,Thapar Institute of Engineering and Technology (Deemed-to-be-university),29,4,1800000,1800000,800000,800000,1.222222222,2.25
India,Engineering & Technology,UG,Computer Engineering,Thapar Institute of Engineering and Technology (Deemed-to-be-university),29,4,1800000,1800000,1500000,1500000,3.166666667,1.2
India,Engineering & Technology,UG,Biotechnology,Thapar Institute of Engineering and Technology (Deemed-to-be-university),29,4,1800000,1800000,600000,600000,0.666666667,3
India,Engineering & Technology,PG,Computer Science and Engineering,Thapar Institute of Engineering and Technology (Deemed-to-be-university),29,2,800000,800000,1300000,1300000,7.125,0.615384615
India,Engineering & Technology,PG,VLSI Design,Thapar Institute of Engineering and Technology (Deemed-to-be-university),29,2,800000,800000,1100000,1100000,5.875,0.727272727
India,Engineering & Technology,PG,Material Science and Engineering,Thapar Institute of Engineering and Technology (Deemed-to-be-university),29,2,800000,800000,500000,500000,2.125,1.6
India,Engineering & Technology,PG,Chemical Engineering,Thapar Institute of Engineering and Technology (Deemed-to-be-university),29,2,800000,800000,500000,500000,2.125,1.6
India,Engineering & Technology,PG,Structural Engineering,Thapar Institute of Engineering and Technology (Deemed-to-be-university),29,2,800000,800000,600000,600000,2.75,1.333333333
India,Engineering & Technology,PG,Artificial Intelligence,Thapar Institute of Engineering and Technology (Deemed-to-be-university),29,2,800000,800000,1100000,1100000,5.875,0.727272727
India,Engineering & Technology,PG,Information Security,Thapar Institute of Engineering and Technology (Deemed-to-be-university),29,2,800000,800000,1100000,1100000,5.875,0.727272727
India,Engineering & Technology,PG,Transportation Engineering,Thapar Institute of Engineering and Technology (Deemed-to-be-university),29,2,800000,800000,600000,600000,2.75,1.333333333
India,Engineering & Technology,PG,Microelectronics,Thapar Institute of Engineering and Technology (Deemed-to-be-university),29,2,800000,800000,1200000,1200000,6.5,0.666666667
India,Engineering & Technology,PG,Control Systems,Thapar Institute of Engineering and Technology (Deemed-to-be-university),29,2,800000,800000,500000,500000,2.125,1.6
India,Engineering & Technology,UG,Mathematics and Computing,Delhi Technological University,30,4,1800000,1800000,1600000,1600000,3.444444444,1.125
India,Engineering & Technology,UG,Chemical Engineering,Delhi Technological University,30,4,1800000,1800000,1000000,1000000,1.777777778,1.8
India,Engineering & Technology,UG,Civil Engineering,Delhi Technological University,30,4,1800000,1800000,900000,900000,1.5,2
India,Engineering & Technology,UG,Biotechnology,Delhi Technological University,30,4,1800000,1800000,700000,700000,0.944444444,2.571428571
India,Engineering & Technology,UG,Electrical Engineering,Delhi Technological University,30,4,1800000,1800000,1300000,1300000,2.611111111,1.384615385
India,Engineering & Technology,UG,Computer Science and Engineering,Delhi Technological University,30,4,1800000,1800000,1900000,1900000,4.277777778,0.947368421
India,Engineering & Technology,UG,Mechanical Engineering,Delhi Technological University,30,4,1800000,1800000,1000000,1000000,1.777777778,1.8
India,Engineering & Technology,UG,Environmental Engineering,Delhi Technological University,30,4,1800000,1800000,700000,700000,0.944444444,2.571428571
India,Engineering & Technology,UG,Production and Industrial Engineering,Delhi Technological University,30,4,1800000,1800000,900000,900000,1.5,2
India,Engineering & Technology,UG,Software Engineering,Delhi Technological University,30,4,1800000,1800000,1800000,1800000,4,1
India,Engineering & Technology,UG,Engineering Physics,Delhi Technological University,30,4,1800000,1800000,1100000,1100000,2.055555556,1.636363636
India,Engineering & Technology,UG,Information Technology,Delhi Technological University,30,4,1800000,1800000,1800000,1800000,4,1
India,Engineering & Technology,UG,Electronics and Communication Engineering,Delhi Technological University,30,4,1800000,1800000,1400000,1400000,2.888888889,1.285714286
India,Engineering & Technology,PG,Thermal Engineering,Delhi Technological University,30,2,800000,800000,600000,600000,2.75,1.333333333
India,Engineering & Technology,PG,Information Security,Delhi Technological University,30,2,800000,800000,1100000,1100000,5.875,0.727272727
India,Engineering & Technology,PG,Structural Engineering,Delhi Technological University,30,2,800000,800000,600000,600000,2.75,1.333333333
India,Engineering & Technology,PG,Machine Design,Delhi Technological University,30,2,800000,800000,700000,700000,3.375,1.142857143
India,Engineering & Technology,PG,Chemical Engineering,Delhi Technological University,30,2,800000,800000,600000,600000,2.75,1.333333333
India,Engineering & Technology,PG,Environmental Engineering,Delhi Technological University,30,2,800000,800000,700000,700000,3.375,1.142857143
India,Engineering & Technology,PG,Biotechnology,Delhi Technological University,30,2,800000,800000,500000,500000,2.125,1.6
India,Engineering & Technology,PG,Microelectronics,Delhi Technological University,30,2,800000,800000,1000000,1000000,5.25,0.8
India,Engineering & Technology,PG,Control Systems,Delhi Technological University,30,2,800000,800000,600000,600000,2.75,1.333333333
India,Engineering & Technology,PG,Computer Science and Engineering,Delhi Technological University,30,2,800000,800000,1100000,1100000,5.875,0.727272727
India,Engineering & Technology,PG,VLSI Design,Delhi Technological University,30,2,800000,800000,1000000,1000000,5.25,0.8
India,Engineering & Technology,PG,Transportation Engineering,Delhi Technological University,30,2,800000,800000,700000,700000,3.375,1.142857143
India,Engineering & Technology,UG,Computer Science and Engineering,Chandigarh University,31,4,1800000,1800000,600000,600000,0.666666667,3
India,Engineering & Technology,UG,Electrical Engineering,Chandigarh University,31,4,1800000,1800000,400000,400000,0.111111111,4.5
India,Engineering & Technology,UG,Civil Engineering,Chandigarh University,31,4,1800000,1800000,300000,300000,-0.166666667,6
India,Engineering & Technology,UG,Mechanical Engineering,Chandigarh University,31,4,1800000,1800000,300000,300000,-0.166666667,6
India,Engineering & Technology,UG,Information Technology,Chandigarh University,31,4,1800000,1800000,600000,600000,0.666666667,3
India,Engineering & Technology,UG,Electronics and Communication Engineering,Chandigarh University,31,4,1800000,1800000,500000,500000,0.388888889,3.6
India,Engineering & Technology,PG,Microelectronics,Chandigarh University,31,2,800000,800000,700000,700000,3.375,1.142857143
India,Engineering & Technology,PG,Power Systems,Chandigarh University,31,2,800000,800000,400000,400000,1.5,2
India,Engineering & Technology,PG,Material Science and Engineering,Chandigarh University,31,2,800000,800000,300000,300000,0.875,2.666666667
India,Engineering & Technology,PG,Computer Science and Engineering,Chandigarh University,31,2,800000,800000,900000,900000,4.625,0.888888889
India,Engineering & Technology,PG,Transportation Engineering,Chandigarh University,31,2,800000,800000,400000,400000,1.5,2
India,Engineering & Technology,PG,Data Science,Chandigarh University,31,2,800000,800000,800000,800000,4,1
India,Engineering & Technology,PG,VLSI Design,Chandigarh University,31,2,800000,800000,800000,800000,4,1
India,Engineering & Technology,PG,Machine Design,Chandigarh University,31,2,800000,800000,400000,400000,1.5,2
India,Engineering & Technology,PG,Chemical Engineering,Chandigarh University,31,2,800000,800000,400000,400000,1.5,2
India,Engineering & Technology,UG,Artificial Intelligence and Data Engineering,Indian Institute of Technology Ropar,32,4,1800000,1800000,1700000,1700000,3.722222222,1.058823529
India,Engineering & Technology,UG,Chemical Engineering,Indian Institute of Technology Ropar,32,4,1800000,1800000,1000000,1000000,1.777777778,1.8
India,Engineering & Technology,UG,Civil Engineering,Indian Institute of Technology Ropar,32,4,1800000,1800000,1000000,1000000,1.777777778,1.8
India,Engineering & Technology,UG,Computer Science and Engineering,Indian Institute of Technology Ropar,32,4,1800000,1800000,1800000,1800000,4,1
India,Engineering & Technology,UG,Digital Agriculture,Indian Institute of Technology Ropar,32,4,1800000,1800000,1000000,1000000,1.777777778,1.8
India,Engineering & Technology,UG,Electrical Engineering,Indian Institute of Technology Ropar,32,4,1800000,1800000,1500000,1500000,3.166666667,1.2
India,Engineering & Technology,UG,Engineering Physics,Indian Institute of Technology Ropar,32,4,1800000,1800000,900000,900000,1.5,2
India,Engineering & Technology,UG,Mathematics and Computing,Indian Institute of Technology Ropar,32,4,1800000,1800000,1700000,1700000,3.722222222,1.058823529
India,Engineering & Technology,UG,Mechanical Engineering,Indian Institute of Technology Ropar,32,4,1800000,1800000,1100000,1100000,2.055555556,1.636363636
India,Engineering & Technology,UG,Metallurgical and Materials Engineering,Indian Institute of Technology Ropar,32,4,1800000,1800000,1000000,1000000,1.777777778,1.8
India,Engineering & Technology,PG,VLSI Design,Indian Institute of Technology Ropar,32,2,800000,800000,2100000,2100000,12.125,0.380952381
India,Engineering & Technology,PG,Power Systems,Indian Institute of Technology Ropar,32,2,800000,800000,1300000,1300000,7.125,0.615384615
India,Engineering & Technology,PG,Transportation Engineering,Indian Institute of Technology Ropar,32,2,800000,800000,1300000,1300000,7.125,0.615384615
India,Engineering & Technology,PG,Communication Engineering,Indian Institute of Technology Ropar,32,2,800000,800000,2200000,2200000,12.75,0.363636364
India,Engineering & Technology,PG,Microelectronics,Indian Institute of Technology Ropar,32,2,800000,800000,1900000,1900000,10.875,0.421052632
India,Engineering & Technology,PG,Structural Engineering,Indian Institute of Technology Ropar,32,2,800000,800000,1100000,1100000,5.875,0.727272727
India,Engineering & Technology,PG,Environmental Engineering,Indian Institute of Technology Ropar,32,2,800000,800000,1100000,1100000,5.875,0.727272727
India,Engineering & Technology,PG,Computer Science and Engineering,Indian Institute of Technology Ropar,32,2,800000,800000,2100000,2100000,12.125,0.380952381
India,Engineering & Technology,PG,Biotechnology,Indian Institute of Technology Ropar,32,2,800000,800000,1100000,1100000,5.875,0.727272727
India,Engineering & Technology,PG,Machine Design,Indian Institute of Technology Ropar,32,2,800000,800000,1200000,1200000,6.5,0.666666667
India,Engineering & Technology,UG,Mechanical Engineering,Kalasalingam Academy of Research and Education,33,4,1800000,1800000,300000,300000,-0.166666667,6
India,Engineering & Technology,UG,Civil Engineering,Kalasalingam Academy of Research and Education,33,4,1800000,1800000,300000,300000,-0.166666667,6
India,Engineering & Technology,UG,Computer Science and Engineering,Kalasalingam Academy of Research and Education,33,4,1800000,1800000,600000,600000,0.666666667,3
India,Engineering & Technology,UG,Electronics and Communication Engineering,Kalasalingam Academy of Research and Education,33,4,1800000,1800000,500000,500000,0.388888889,3.6
India,Engineering & Technology,UG,Information Technology,Kalasalingam Academy of Research and Education,33,4,1800000,1800000,600000,600000,0.666666667,3
India,Engineering & Technology,UG,Electrical Engineering,Kalasalingam Academy of Research and Education,33,4,1800000,1800000,400000,400000,0.111111111,4.5
India,Engineering & Technology,PG,Computer Science and Engineering,Kalasalingam Academy of Research and Education,33,2,800000,800000,800000,800000,4,1
India,Engineering & Technology,PG,Transportation Engineering,Kalasalingam Academy of Research and Education,33,2,800000,800000,400000,400000,1.5,2
India,Engineering & Technology,PG,Chemical Engineering,Kalasalingam Academy of Research and Education,33,2,800000,800000,300000,300000,0.875,2.666666667
India,Engineering & Technology,PG,Machine Design,Kalasalingam Academy of Research and Education,33,2,800000,800000,400000,400000,1.5,2
India,Engineering & Technology,PG,Data Science,Kalasalingam Academy of Research and Education,33,2,800000,800000,700000,700000,3.375,1.142857143
India,Engineering & Technology,PG,Communication Engineering,Kalasalingam Academy of Research and Education,33,2,800000,800000,700000,700000,3.375,1.142857143
India,Engineering & Technology,PG,Manufacturing Engineering,Kalasalingam Academy of Research and Education,33,2,800000,800000,400000,400000,1.5,2
India,Engineering & Technology,PG,Environmental Engineering,Kalasalingam Academy of Research and Education,33,2,800000,800000,500000,500000,2.125,1.6
India,Engineering & Technology,PG,Material Science and Engineering,Kalasalingam Academy of Research and Education,33,2,800000,800000,300000,300000,0.875,2.666666667
India,Engineering & Technology,PG,Information Security,Kalasalingam Academy of Research and Education,33,2,800000,800000,900000,900000,4.625,0.888888889
India,Engineering & Technology,PG,VLSI Design,Kalasalingam Academy of Research and Education,33,2,800000,800000,800000,800000,4,1
India,Engineering & Technology,PG,Structural Engineering,Kalasalingam Academy of Research and Education,33,2,800000,800000,500000,500000,2.125,1.6
India,Engineering & Technology,UG,Mechanical Engineering,Aligarh Muslim University,34,4,1800000,1800000,400000,400000,0.111111111,4.5
India,Engineering & Technology,UG,Chemical Engineering,Aligarh Muslim University,34,4,1800000,1800000,400000,400000,0.111111111,4.5
India,Engineering & Technology,UG,Electrical Engineering,Aligarh Muslim University,34,4,1800000,1800000,500000,500000,0.388888889,3.6
India,Engineering & Technology,UG,Civil Engineering,Aligarh Muslim University,34,4,1800000,1800000,300000,300000,-0.166666667,6
India,Engineering & Technology,UG,Computer Engineering,Aligarh Muslim University,34,4,1800000,1800000,800000,800000,1.222222222,2.25
India,Engineering & Technology,UG,Electronics Engineering,Aligarh Muslim University,34,4,1800000,1800000,600000,600000,0.666666667,3
India,Engineering & Technology,UG,Petrochemical Engineering,Aligarh Muslim University,34,4,1800000,1800000,400000,400000,0.111111111,4.5
India,Engineering & Technology,PG,Communication Engineering,Aligarh Muslim University,34,2,800000,800000,800000,800000,4,1
India,Engineering & Technology,PG,Computer Science and Engineering,Aligarh Muslim University,34,2,800000,800000,700000,700000,3.375,1.142857143
India,Engineering & Technology,PG,Material Science and Engineering,Aligarh Muslim University,34,2,800000,800000,400000,400000,1.5,2
India,Engineering & Technology,PG,Control Systems,Aligarh Muslim University,34,2,800000,800000,400000,400000,1.5,2
India,Engineering & Technology,PG,Biotechnology,Aligarh Muslim University,34,2,800000,800000,300000,300000,0.875,2.666666667
India,Engineering & Technology,PG,Thermal Engineering,Aligarh Muslim University,34,2,800000,800000,400000,400000,1.5,2
India,Engineering & Technology,PG,Data Science,Aligarh Muslim University,34,2,800000,800000,700000,700000,3.375,1.142857143
India,Engineering & Technology,PG,Microelectronics,Aligarh Muslim University,34,2,800000,800000,700000,700000,3.375,1.142857143
India,Engineering & Technology,PG,Manufacturing Engineering,Aligarh Muslim University,34,2,800000,800000,400000,400000,1.5,2
India,Engineering & Technology,PG,Artificial Intelligence,Aligarh Muslim University,34,2,800000,800000,800000,800000,4,1
India,Engineering & Technology,PG,Structural Engineering,Aligarh Muslim University,34,2,800000,800000,400000,400000,1.5,2
India,Engineering & Technology,PG,Transportation Engineering,Aligarh Muslim University,34,2,800000,800000,400000,400000,1.5,2
India,Engineering & Technology,PG,VLSI Design,Aligarh Muslim University,34,2,800000,800000,800000,800000,4,1
India,Engineering & Technology,UG,Electronics and Communication Engineering,Koneru Lakshmaiah Education Foundation University (K L College of Engineering),35,4,1800000,1800000,500000,500000,0.388888889,3.6
India,Engineering & Technology,UG,Computer Science and Engineering,Koneru Lakshmaiah Education Foundation University (K L College of Engineering),35,4,1800000,1800000,600000,600000,0.666666667,3
India,Engineering & Technology,UG,Electrical Engineering,Koneru Lakshmaiah Education Foundation University (K L College of Engineering),35,4,1800000,1800000,400000,400000,0.111111111,4.5
India,Engineering & Technology,UG,Civil Engineering,Koneru Lakshmaiah Education Foundation University (K L College of Engineering),35,4,1800000,1800000,300000,300000,-0.166666667,6
India,Engineering & Technology,UG,Mechanical Engineering,Koneru Lakshmaiah Education Foundation University (K L College of Engineering),35,4,1800000,1800000,300000,300000,-0.166666667,6
India,Engineering & Technology,UG,Information Technology,Koneru Lakshmaiah Education Foundation University (K L College of Engineering),35,4,1800000,1800000,600000,600000,0.666666667,3
India,Engineering & Technology,PG,Computer Science and Engineering,Koneru Lakshmaiah Education Foundation University (K L College of Engineering),35,2,800000,800000,800000,800000,4,1
India,Engineering & Technology,PG,Data Science,Koneru Lakshmaiah Education Foundation University (K L College of Engineering),35,2,800000,800000,800000,800000,4,1
India,Engineering & Technology,PG,Biotechnology,Koneru Lakshmaiah Education Foundation University (K L College of Engineering),35,2,800000,800000,400000,400000,1.5,2
India,Engineering & Technology,PG,Communication Engineering,Koneru Lakshmaiah Education Foundation University (K L College of Engineering),35,2,800000,800000,700000,700000,3.375,1.142857143
India,Engineering & Technology,PG,Microelectronics,Koneru Lakshmaiah Education Foundation University (K L College of Engineering),35,2,800000,800000,700000,700000,3.375,1.142857143
India,Engineering & Technology,PG,Artificial Intelligence,Koneru Lakshmaiah Education Foundation University (K L College of Engineering),35,2,800000,800000,900000,900000,4.625,0.888888889
India,Engineering & Technology,PG,Material Science and Engineering,Koneru Lakshmaiah Education Foundation University (K L College of Engineering),35,2,800000,800000,300000,300000,0.875,2.666666667
India,Engineering & Technology,PG,Control Systems,Koneru Lakshmaiah Education Foundation University (K L College of Engineering),35,2,800000,800000,500000,500000,2.125,1.6
India,Engineering & Technology,PG,Power Systems,Koneru Lakshmaiah Education Foundation University (K L College of Engineering),35,2,800000,800000,300000,300000,0.875,2.666666667
India,Engineering & Technology,UG,Electronics and Communication Engineering,Kalinga Institute of Industrial Technology,36,4,1800000,1800000,500000,500000,0.388888889,3.6
India,Engineering & Technology,UG,Civil Engineering,Kalinga Institute of Industrial Technology,36,4,1800000,1800000,300000,300000,-0.166666667,6
India,Engineering & Technology,UG,Information Technology,Kalinga Institute of Industrial Technology,36,4,1800000,1800000,600000,600000,0.666666667,3
India,Engineering & Technology,UG,Mechanical Engineering,Kalinga Institute of Industrial Technology,36,4,1800000,1800000,300000,300000,-0.166666667,6
India,Engineering & Technology,UG,Computer Science and Engineering,Kalinga Institute of Industrial Technology,36,4,1800000,1800000,600000,600000,0.666666667,3
India,Engineering & Technology,UG,Electrical Engineering,Kalinga Institute of Industrial Technology,36,4,1800000,1800000,400000,400000,0.111111111,4.5
India,Engineering & Technology,PG,Microelectronics,Kalinga Institute of Industrial Technology,36,2,800000,800000,800000,800000,4,1
India,Engineering & Technology,PG,Information Security,Kalinga Institute of Industrial Technology,36,2,800000,800000,900000,900000,4.625,0.888888889
India,Engineering & Technology,PG,Material Science and Engineering,Kalinga Institute of Industrial Technology,36,2,800000,800000,400000,400000,1.5,2
India,Engineering & Technology,PG,Transportation Engineering,Kalinga Institute of Industrial Technology,36,2,800000,800000,400000,400000,1.5,2
India,Engineering & Technology,PG,Manufacturing Engineering,Kalinga Institute of Industrial Technology,36,2,800000,800000,400000,400000,1.5,2
India,Engineering & Technology,PG,Data Science,Kalinga Institute of Industrial Technology,36,2,800000,800000,700000,700000,3.375,1.142857143
India,Engineering & Technology,PG,VLSI Design,Kalinga Institute of Industrial Technology,36,2,800000,800000,800000,800000,4,1
India,Engineering & Technology,PG,Structural Engineering,Kalinga Institute of Industrial Technology,36,2,800000,800000,400000,400000,1.5,2
India,Engineering & Technology,PG,Power Systems,Kalinga Institute of Industrial Technology,36,2,800000,800000,500000,500000,2.125,1.6
India,Engineering & Technology,PG,Computer Science and Engineering,Kalinga Institute of Industrial Technology,36,2,800000,800000,700000,700000,3.375,1.142857143
India,Engineering & Technology,UG,Computer Science and Engineering,Amity University,37,4,1800000,1800000,600000,600000,0.666666667,3
India,Engineering & Technology,UG,Electrical Engineering,Amity University,37,4,1800000,1800000,400000,400000,0.111111111,4.5
India,Engineering & Technology,UG,Information Technology,Amity University,37,4,1800000,1800000,700000,700000,0.944444444,2.571428571
India,Engineering & Technology,UG,Electronics and Communication Engineering,Amity University,37,4,1800000,1800000,500000,500000,0.388888889,3.6
India,Engineering & Technology,UG,Civil Engineering,Amity University,37,4,1800000,1800000,300000,300000,-0.166666667,6
India,Engineering & Technology,UG,Mechanical Engineering,Amity University,37,4,1800000,1800000,300000,300000,-0.166666667,6
India,Engineering & Technology,PG,VLSI Design,Amity University,37,2,800000,800000,900000,900000,4.625,0.888888889
India,Engineering & Technology,PG,Data Science,Amity University,37,2,800000,800000,700000,700000,3.375,1.142857143
India,Engineering & Technology,PG,Computer Science and Engineering,Amity University,37,2,800000,800000,800000,800000,4,1
India,Engineering & Technology,PG,Power Systems,Amity University,37,2,800000,800000,500000,500000,2.125,1.6
India,Engineering & Technology,PG,Material Science and Engineering,Amity University,37,2,800000,800000,300000,300000,0.875,2.666666667
India,Engineering & Technology,PG,Microelectronics,Amity University,37,2,800000,800000,800000,800000,4,1
India,Engineering & Technology,PG,Manufacturing Engineering,Amity University,37,2,800000,800000,400000,400000,1.5,2
India,Engineering & Technology,PG,Biotechnology,Amity University,37,2,800000,800000,400000,400000,1.5,2
India,Engineering & Technology,PG,Electronics and Communication Engineering,International Institute of Information Technology Hyderabad,38,5,800000,800000,2200000,2200000,12.75,0.363636364
India,Engineering & Technology,PG,Computer Science and Engineering,International Institute of Information Technology Hyderabad,38,5,800000,800000,3200000,3200000,19,0.25
India,Engineering & Technology,PG,Material Science and Engineering,International Institute of Information Technology Hyderabad,38,2,800000,800000,400000,400000,1.5,2
India,Engineering & Technology,PG,Computer Science and Engineering,International Institute of Information Technology Hyderabad,38,2,800000,800000,800000,800000,4,1
India,Engineering & Technology,PG,Control Systems,International Institute of Information Technology Hyderabad,38,2,800000,800000,400000,400000,1.5,2
India,Engineering & Technology,PG,Structural Engineering,International Institute of Information Technology Hyderabad,38,2,800000,800000,300000,300000,0.875,2.666666667
India,Engineering & Technology,PG,Information Security,International Institute of Information Technology Hyderabad,38,2,800000,800000,800000,800000,4,1
India,Engineering & Technology,PG,Biotechnology,International Institute of Information Technology Hyderabad,38,2,800000,800000,400000,400000,1.5,2
India,Engineering & Technology,PG,VLSI Design,International Institute of Information Technology Hyderabad,38,2,800000,800000,800000,800000,4,1
India,Engineering & Technology,PG,Artificial Intelligence,International Institute of Information Technology Hyderabad,38,2,800000,800000,800000,800000,4,1
India,Engineering & Technology,PG,Data Science,International Institute of Information Technology Hyderabad,38,2,800000,800000,900000,900000,4.625,0.888888889
India,Engineering & Technology,PG,Manufacturing Engineering,International Institute of Information Technology Hyderabad,38,2,800000,800000,400000,400000,1.5,2
India,Engineering & Technology,UG,Civil Engineering,Indian Institute of Technology Bhubaneswar,39,4,1800000,1800000,1000000,1000000,1.777777778,1.8
India,Engineering & Technology,UG,Computer Science and Engineering,Indian Institute of Technology Bhubaneswar,39,4,1800000,1800000,1800000,1800000,4,1
India,Engineering & Technology,UG,Electrical Engineering,Indian Institute of Technology Bhubaneswar,39,4,1800000,1800000,1500000,1500000,3.166666667,1.2
India,Engineering & Technology,UG,Electronics and Communication Engineering,Indian Institute of Technology Bhubaneswar,39,4,1800000,1800000,1500000,1500000,3.166666667,1.2
India,Engineering & Technology,UG,Engineering Physics,Indian Institute of Technology Bhubaneswar,39,4,1800000,1800000,900000,900000,1.5,2
India,Engineering & Technology,UG,Mathematics and Computing,Indian Institute of Technology Bhubaneswar,39,4,1800000,1800000,1600000,1600000,3.444444444,1.125
India,Engineering & Technology,UG,Mechanical Engineering,Indian Institute of Technology Bhubaneswar,39,4,1800000,1800000,1200000,1200000,2.333333333,1.5
India,Engineering & Technology,UG,Metallurgical and Materials Engineering,Indian Institute of Technology Bhubaneswar,39,4,1800000,1800000,1000000,1000000,1.777777778,1.8
India,Engineering & Technology,PG,Computer Science and Engineering,Indian Institute of Technology Bhubaneswar,39,2,800000,800000,2300000,2300000,13.375,0.347826087
India,Engineering & Technology,PG,VLSI Design,Indian Institute of Technology Bhubaneswar,39,2,800000,800000,2300000,2300000,13.375,0.347826087
India,Engineering & Technology,PG,Transportation Engineering,Indian Institute of Technology Bhubaneswar,39,2,800000,800000,1300000,1300000,7.125,0.615384615
India,Engineering & Technology,PG,Communication Engineering,Indian Institute of Technology Bhubaneswar,39,2,800000,800000,1900000,1900000,10.875,0.421052632
India,Engineering & Technology,PG,Manufacturing Engineering,Indian Institute of Technology Bhubaneswar,39,2,800000,800000,1100000,1100000,5.875,0.727272727
India,Engineering & Technology,PG,Environmental Engineering,Indian Institute of Technology Bhubaneswar,39,2,800000,800000,1100000,1100000,5.875,0.727272727
India,Engineering & Technology,PG,Power Systems,Indian Institute of Technology Bhubaneswar,39,2,800000,800000,1300000,1300000,7.125,0.615384615
India,Engineering & Technology,PG,Thermal Engineering,Indian Institute of Technology Bhubaneswar,39,2,800000,800000,1100000,1100000,5.875,0.727272727
India,Engineering & Technology,UG,Electrical Engineering,Shanmugha Arts Science Technology & Research Academy,40,4,1800000,1800000,400000,400000,0.111111111,4.5
India,Engineering & Technology,UG,Electronics and Communication Engineering,Shanmugha Arts Science Technology & Research Academy,40,4,1800000,1800000,500000,500000,0.388888889,3.6
India,Engineering & Technology,UG,Computer Science and Engineering,Shanmugha Arts Science Technology & Research Academy,40,4,1800000,1800000,600000,600000,0.666666667,3
India,Engineering & Technology,UG,Civil Engineering,Shanmugha Arts Science Technology & Research Academy,40,4,1800000,1800000,300000,300000,-0.166666667,6
India,Engineering & Technology,UG,Mechanical Engineering,Shanmugha Arts Science Technology & Research Academy,40,4,1800000,1800000,300000,300000,-0.166666667,6
India,Engineering & Technology,UG,Information Technology,Shanmugha Arts Science Technology & Research Academy,40,4,1800000,1800000,600000,600000,0.666666667,3
India,Engineering & Technology,PG,Computer Science and Engineering,Shanmugha Arts Science Technology & Research Academy,40,2,800000,800000,800000,800000,4,1
India,Engineering & Technology,PG,Microelectronics,Shanmugha Arts Science Technology & Research Academy,40,2,800000,800000,800000,800000,4,1
India,Engineering & Technology,PG,Manufacturing Engineering,Shanmugha Arts Science Technology & Research Academy,40,2,800000,800000,500000,500000,2.125,1.6
India,Engineering & Technology,PG,Power Systems,Shanmugha Arts Science Technology & Research Academy,40,2,800000,800000,400000,400000,1.5,2
India,Engineering & Technology,PG,Data Science,Shanmugha Arts Science Technology & Research Academy,40,2,800000,800000,900000,900000,4.625,0.888888889
India,Engineering & Technology,PG,Environmental Engineering,Shanmugha Arts Science Technology & Research Academy,40,2,800000,800000,400000,400000,1.5,2
India,Engineering & Technology,PG,Control Systems,Shanmugha Arts Science Technology & Research Academy,40,2,800000,800000,500000,500000,2.125,1.6
India,Engineering & Technology,PG,VLSI Design,Shanmugha Arts Science Technology & Research Academy,40,2,800000,800000,800000,800000,4,1
India,Engineering & Technology,PG,Machine Design,Shanmugha Arts Science Technology & Research Academy,40,2,800000,800000,400000,400000,1.5,2
India,Engineering & Technology,PG,Communication Engineering,Shanmugha Arts Science Technology & Research Academy,40,2,800000,800000,800000,800000,4,1
India,Engineering & Technology,PG,Transportation Engineering,Shanmugha Arts Science Technology & Research Academy,40,2,800000,800000,400000,400000,1.5,2
India,Engineering & Technology,PG,Artificial Intelligence,Shanmugha Arts Science Technology & Research Academy,40,2,800000,800000,700000,700000,3.375,1.142857143
India,Engineering & Technology,PG,Structural Engineering,Shanmugha Arts Science Technology & Research Academy,40,2,800000,800000,400000,400000,1.5,2
India,Engineering & Technology,PG,Thermal Engineering,Shanmugha Arts Science Technology & Research Academy,40,2,800000,800000,400000,400000,1.5,2
India,Engineering & Technology,UG,Chemical Engineering,Institute of Chemical Technology,41,5,1800000,1800000,400000,400000,0.111111111,4.5
India,Engineering & Technology,PG,Computer Science and Engineering,Institute of Chemical Technology,41,2,800000,800000,700000,700000,3.375,1.142857143
India,Engineering & Technology,PG,Biotechnology,Institute of Chemical Technology,41,2,800000,800000,400000,400000,1.5,2
India,Engineering & Technology,PG,Material Science and Engineering,Institute of Chemical Technology,41,2,800000,800000,400000,400000,1.5,2
India,Engineering & Technology,PG,Control Systems,Institute of Chemical Technology,41,2,800000,800000,400000,400000,1.5,2
India,Engineering & Technology,PG,Machine Design,Institute of Chemical Technology,41,2,800000,800000,400000,400000,1.5,2
India,Engineering & Technology,PG,Artificial Intelligence,Institute of Chemical Technology,41,2,800000,800000,800000,800000,4,1
India,Engineering & Technology,PG,Manufacturing Engineering,Institute of Chemical Technology,41,2,800000,800000,400000,400000,1.5,2
India,Engineering & Technology,PG,Environmental Engineering,Institute of Chemical Technology,41,2,800000,800000,400000,400000,1.5,2
India,Engineering & Technology,PG,Structural Engineering,Institute of Chemical Technology,41,2,800000,800000,400000,400000,1.5,2
India,Engineering & Technology,PG,Data Science,Institute of Chemical Technology,41,2,800000,800000,900000,900000,4.625,0.888888889
India,Engineering & Technology,UG,Architecture,Malaviya National Institute of Technology,42,5,1800000,1800000,800000,800000,1.222222222,2.25
India,Engineering & Technology,UG,Artificial Intelligence and Data Engineering,Malaviya National Institute of Technology,42,4,1800000,1800000,1300000,1300000,2.611111111,1.384615385
India,Engineering & Technology,UG,Chemical Engineering,Malaviya National Institute of Technology,42,4,1800000,1800000,800000,800000,1.222222222,2.25
India,Engineering & Technology,UG,Civil Engineering,Malaviya National Institute of Technology,42,4,1800000,1800000,700000,700000,0.944444444,2.571428571
India,Engineering & Technology,UG,Computer Science and Engineering,Malaviya National Institute of Technology,42,4,1800000,1800000,1300000,1300000,2.611111111,1.384615385
India,Engineering & Technology,UG,Electrical Engineering,Malaviya National Institute of Technology,42,4,1800000,1800000,1100000,1100000,2.055555556,1.636363636
India,Engineering & Technology,UG,Electronics and Communication Engineering,Malaviya National Institute of Technology,42,4,1800000,1800000,1100000,1100000,2.055555556,1.636363636
India,Engineering & Technology,UG,Mechanical Engineering,Malaviya National Institute of Technology,42,4,1800000,1800000,900000,900000,1.5,2
India,Engineering & Technology,UG,Metallurgical and Materials Engineering,Malaviya National Institute of Technology,42,4,1800000,1800000,800000,800000,1.222222222,2.25
India,Engineering & Technology,PG,Computer Science and Engineering,Malaviya National Institute of Technology,42,2,800000,800000,1400000,1400000,7.75,0.571428571
India,Engineering & Technology,PG,Manufacturing Engineering,Malaviya National Institute of Technology,42,2,800000,800000,900000,900000,4.625,0.888888889
India,Engineering & Technology,PG,Control Systems,Malaviya National Institute of Technology,42,2,800000,800000,900000,900000,4.625,0.888888889
India,Engineering & Technology,PG,Microelectronics,Malaviya National Institute of Technology,42,2,800000,800000,1200000,1200000,6.5,0.666666667
India,Engineering & Technology,PG,Power Systems,Malaviya National Institute of Technology,42,2,800000,800000,800000,800000,4,1
India,Engineering & Technology,PG,Chemical Engineering,Malaviya National Institute of Technology,42,2,800000,800000,900000,900000,4.625,0.888888889
India,Engineering & Technology,PG,VLSI Design,Malaviya National Institute of Technology,42,2,800000,800000,1200000,1200000,6.5,0.666666667
India,Engineering & Technology,PG,Environmental Engineering,Malaviya National Institute of Technology,42,2,800000,800000,600000,600000,2.75,1.333333333
India,Engineering & Technology,PG,Machine Design,Malaviya National Institute of Technology,42,2,800000,800000,800000,800000,4,1
India,Engineering & Technology,PG,Information Security,Malaviya National Institute of Technology,42,2,800000,800000,1700000,1700000,9.625,0.470588235
India,Engineering & Technology,PG,Structural Engineering,Malaviya National Institute of Technology,42,2,800000,800000,800000,800000,4,1
India,Engineering & Technology,UG,Civil Engineering,UPES,43,4,1800000,1800000,300000,300000,-0.166666667,6
India,Engineering & Technology,UG,Computer Science and Engineering,UPES,43,4,1800000,1800000,600000,600000,0.666666667,3
India,Engineering & Technology,UG,Electrical Engineering,UPES,43,4,1800000,1800000,400000,400000,0.111111111,4.5
India,Engineering & Technology,UG,Electronics and Communication Engineering,UPES,43,4,1800000,1800000,500000,500000,0.388888889,3.6
India,Engineering & Technology,UG,Mechanical Engineering,UPES,43,4,1800000,1800000,300000,300000,-0.166666667,6
India,Engineering & Technology,UG,Information Technology,UPES,43,4,1800000,1800000,600000,600000,0.666666667,3
India,Engineering & Technology,PG,Control Systems,UPES,43,2,800000,800000,500000,500000,2.125,1.6
India,Engineering & Technology,PG,VLSI Design,UPES,43,2,800000,800000,800000,800000,4,1
India,Engineering & Technology,PG,Data Science,UPES,43,2,800000,800000,900000,900000,4.625,0.888888889
India,Engineering & Technology,PG,Computer Science and Engineering,UPES,43,2,800000,800000,800000,800000,4,1
India,Engineering & Technology,PG,Information Security,UPES,43,2,800000,800000,800000,800000,4,1
India,Engineering & Technology,PG,Thermal Engineering,UPES,43,2,800000,800000,500000,500000,2.125,1.6
India,Engineering & Technology,PG,Power Systems,UPES,43,2,800000,800000,300000,300000,0.875,2.666666667
India,Engineering & Technology,PG,Microelectronics,UPES,43,2,800000,800000,800000,800000,4,1
India,Engineering & Technology,PG,Artificial Intelligence,UPES,43,2,800000,800000,700000,700000,3.375,1.142857143
India,Engineering & Technology,PG,Environmental Engineering,UPES,43,2,800000,800000,400000,400000,1.5,2
India,Engineering & Technology,PG,Communication Engineering,UPES,43,2,800000,800000,800000,800000,4,1
India,Engineering & Technology,PG,Machine Design,UPES,43,2,800000,800000,400000,400000,1.5,2
India,Engineering & Technology,PG,Material Science and Engineering,UPES,43,2,800000,800000,400000,400000,1.5,2
India,Engineering & Technology,PG,Biotechnology,UPES,43,2,800000,800000,400000,400000,1.5,2
India,Engineering & Technology,UG,Architecture,"Visvesvaraya National Institute of Technology, Nagpur",44,5,1800000,1800000,800000,800000,1.222222222,2.25
India,Engineering & Technology,UG,Chemical Engineering,"Visvesvaraya National Institute of Technology, Nagpur",44,4,1800000,1800000,800000,800000,1.222222222,2.25
India,Engineering & Technology,UG,Civil Engineering,"Visvesvaraya National Institute of Technology, Nagpur",44,4,1800000,1800000,800000,800000,1.222222222,2.25
India,Engineering & Technology,UG,Computer Science and Engineering,"Visvesvaraya National Institute of Technology, Nagpur",44,4,1800000,1800000,1300000,1300000,2.611111111,1.384615385
India,Engineering & Technology,UG,Electrical and Electronics Engineering,"Visvesvaraya National Institute of Technology, Nagpur",44,4,1800000,1800000,1100000,1100000,2.055555556,1.636363636
India,Engineering & Technology,UG,Electronics and Communication Engineering,"Visvesvaraya National Institute of Technology, Nagpur",44,4,1800000,1800000,1100000,1100000,2.055555556,1.636363636
India,Engineering & Technology,UG,Mechanical Engineering,"Visvesvaraya National Institute of Technology, Nagpur",44,4,1800000,1800000,900000,900000,1.5,2
India,Engineering & Technology,UG,Metallurgical and Materials Engineering,"Visvesvaraya National Institute of Technology, Nagpur",44,4,1800000,1800000,800000,800000,1.222222222,2.25
India,Engineering & Technology,UG,Mining Engineering,"Visvesvaraya National Institute of Technology, Nagpur",44,4,1800000,1800000,800000,800000,1.222222222,2.25
India,Engineering & Technology,PG,Machine Design,"Visvesvaraya National Institute of Technology, Nagpur",44,2,800000,800000,900000,900000,4.625,0.888888889
India,Engineering & Technology,PG,Communication Engineering,"Visvesvaraya National Institute of Technology, Nagpur",44,2,800000,800000,1300000,1300000,7.125,0.615384615
India,Engineering & Technology,PG,Manufacturing Engineering,"Visvesvaraya National Institute of Technology, Nagpur",44,2,800000,800000,900000,900000,4.625,0.888888889
India,Engineering & Technology,PG,Thermal Engineering,"Visvesvaraya National Institute of Technology, Nagpur",44,2,800000,800000,700000,700000,3.375,1.142857143
India,Engineering & Technology,PG,Computer Science and Engineering,"Visvesvaraya National Institute of Technology, Nagpur",44,2,800000,800000,1400000,1400000,7.75,0.571428571
India,Engineering & Technology,PG,Chemical Engineering,"Visvesvaraya National Institute of Technology, Nagpur",44,2,800000,800000,900000,900000,4.625,0.888888889
India,Engineering & Technology,PG,Artificial Intelligence,"Visvesvaraya National Institute of Technology, Nagpur",44,2,800000,800000,1600000,1600000,9,0.5
India,Engineering & Technology,PG,VLSI Design,"Visvesvaraya National Institute of Technology, Nagpur",44,2,800000,800000,1500000,1500000,8.375,0.533333333
India,Engineering & Technology,PG,Data Science,"Visvesvaraya National Institute of Technology, Nagpur",44,2,800000,800000,1400000,1400000,7.75,0.571428571
India,Engineering & Technology,UG,Computer Science and Engineering,Saveetha Institute of Medical and Technical Sciences,45,4,1800000,1800000,600000,600000,0.666666667,3
India,Engineering & Technology,UG,Electrical Engineering,Saveetha Institute of Medical and Technical Sciences,45,4,1800000,1800000,400000,400000,0.111111111,4.5
India,Engineering & Technology,UG,Civil Engineering,Saveetha Institute of Medical and Technical Sciences,45,4,1800000,1800000,300000,300000,-0.166666667,6
India,Engineering & Technology,UG,Information Technology,Saveetha Institute of Medical and Technical Sciences,45,4,1800000,1800000,600000,600000,0.666666667,3
India,Engineering & Technology,UG,Mechanical Engineering,Saveetha Institute of Medical and Technical Sciences,45,4,1800000,1800000,300000,300000,-0.166666667,6
India,Engineering & Technology,UG,Electronics and Communication Engineering,Saveetha Institute of Medical and Technical Sciences,45,4,1800000,1800000,500000,500000,0.388888889,3.6
India,Engineering & Technology,PG,Environmental Engineering,Saveetha Institute of Medical and Technical Sciences,45,2,800000,800000,400000,400000,1.5,2
India,Engineering & Technology,PG,Machine Design,Saveetha Institute of Medical and Technical Sciences,45,2,800000,800000,400000,400000,1.5,2
India,Engineering & Technology,PG,Power Systems,Saveetha Institute of Medical and Technical Sciences,45,2,800000,800000,400000,400000,1.5,2
India,Engineering & Technology,PG,Biotechnology,Saveetha Institute of Medical and Technical Sciences,45,2,800000,800000,400000,400000,1.5,2
India,Engineering & Technology,PG,Computer Science and Engineering,Saveetha Institute of Medical and Technical Sciences,45,2,800000,800000,800000,800000,4,1
India,Engineering & Technology,PG,Microelectronics,Saveetha Institute of Medical and Technical Sciences,45,2,800000,800000,800000,800000,4,1
India,Engineering & Technology,PG,Material Science and Engineering,Saveetha Institute of Medical and Technical Sciences,45,2,800000,800000,300000,300000,0.875,2.666666667
India,Engineering & Technology,PG,Thermal Engineering,Saveetha Institute of Medical and Technical Sciences,45,2,800000,800000,500000,500000,2.125,1.6
India,Engineering & Technology,PG,Manufacturing Engineering,Saveetha Institute of Medical and Technical Sciences,45,2,800000,800000,500000,500000,2.125,1.6
India,Engineering & Technology,UG,Electronics and Communication Engineering,Symbiosis International,46,4,1800000,1800000,500000,500000,0.388888889,3.6
India,Engineering & Technology,UG,Computer Science and Engineering,Symbiosis International,46,4,1800000,1800000,600000,600000,0.666666667,3
India,Engineering & Technology,UG,Mechanical Engineering,Symbiosis International,46,4,1800000,1800000,300000,300000,-0.166666667,6
India,Engineering & Technology,UG,Electrical Engineering,Symbiosis International,46,4,1800000,1800000,400000,400000,0.111111111,4.5
India,Engineering & Technology,UG,Civil Engineering,Symbiosis International,46,4,1800000,1800000,300000,300000,-0.166666667,6
India,Engineering & Technology,UG,Information Technology,Symbiosis International,46,4,1800000,1800000,600000,600000,0.666666667,3
India,Engineering & Technology,PG,Computer Science and Engineering,Symbiosis International,46,2,800000,800000,700000,700000,3.375,1.142857143
India,Engineering & Technology,PG,Information Security,Symbiosis International,46,2,800000,800000,800000,800000,4,1
India,Engineering & Technology,PG,Artificial Intelligence,Symbiosis International,46,2,800000,800000,800000,800000,4,1
India,Engineering & Technology,PG,Structural Engineering,Symbiosis International,46,2,800000,800000,400000,400000,1.5,2
India,Engineering & Technology,PG,Environmental Engineering,Symbiosis International,46,2,800000,800000,500000,500000,2.125,1.6
India,Engineering & Technology,PG,Biotechnology,Symbiosis International,46,2,800000,800000,300000,300000,0.875,2.666666667
India,Engineering & Technology,PG,Power Systems,Symbiosis International,46,2,800000,800000,400000,400000,1.5,2
India,Engineering & Technology,PG,Manufacturing Engineering,Symbiosis International,46,2,800000,800000,400000,400000,1.5,2
India,Engineering & Technology,UG,Information Technology,Sri Sivasubramaniya Nadar College of Engineering,47,4,1800000,1800000,600000,600000,0.666666667,3
India,Engineering & Technology,UG,Mechanical Engineering,Sri Sivasubramaniya Nadar College of Engineering,47,4,1800000,1800000,300000,300000,-0.166666667,6
India,Engineering & Technology,UG,Civil Engineering,Sri Sivasubramaniya Nadar College of Engineering,47,4,1800000,1800000,300000,300000,-0.166666667,6
India,Engineering & Technology,UG,Computer Science and Engineering,Sri Sivasubramaniya Nadar College of Engineering,47,4,1800000,1800000,600000,600000,0.666666667,3
India,Engineering & Technology,UG,Electronics and Communication Engineering,Sri Sivasubramaniya Nadar College of Engineering,47,4,1800000,1800000,500000,500000,0.388888889,3.6
India,Engineering & Technology,UG,Electrical Engineering,Sri Sivasubramaniya Nadar College of Engineering,47,4,1800000,1800000,400000,400000,0.111111111,4.5
India,Engineering & Technology,PG,Computer Science and Engineering,Sri Sivasubramaniya Nadar College of Engineering,47,2,800000,800000,800000,800000,4,1
India,Engineering & Technology,PG,Data Science,Sri Sivasubramaniya Nadar College of Engineering,47,2,800000,800000,900000,900000,4.625,0.888888889
India,Engineering & Technology,PG,Information Security,Sri Sivasubramaniya Nadar College of Engineering,47,2,800000,800000,800000,800000,4,1
India,Engineering & Technology,PG,Power Systems,Sri Sivasubramaniya Nadar College of Engineering,47,2,800000,800000,400000,400000,1.5,2
India,Engineering & Technology,PG,Transportation Engineering,Sri Sivasubramaniya Nadar College of Engineering,47,2,800000,800000,400000,400000,1.5,2
India,Engineering & Technology,PG,Biotechnology,Sri Sivasubramaniya Nadar College of Engineering,47,2,800000,800000,300000,300000,0.875,2.666666667
India,Engineering & Technology,PG,Manufacturing Engineering,Sri Sivasubramaniya Nadar College of Engineering,47,2,800000,800000,400000,400000,1.5,2
India,Engineering & Technology,PG,Thermal Engineering,Sri Sivasubramaniya Nadar College of Engineering,47,2,800000,800000,400000,400000,1.5,2
India,Engineering & Technology,PG,Machine Design,Sri Sivasubramaniya Nadar College of Engineering,47,2,800000,800000,300000,300000,0.875,2.666666667
India,Engineering & Technology,PG,Material Science and Engineering,Sri Sivasubramaniya Nadar College of Engineering,47,2,800000,800000,400000,400000,1.5,2
India,Engineering & Technology,UG,Electronics and Communication Engineering,Lovely Professional University,48,4,1800000,1800000,500000,500000,0.388888889,3.6
India,Engineering & Technology,UG,Mechanical Engineering,Lovely Professional University,48,4,1800000,1800000,300000,300000,-0.166666667,6
India,Engineering & Technology,UG,Electrical Engineering,Lovely Professional University,48,4,1800000,1800000,400000,400000,0.111111111,4.5
India,Engineering & Technology,UG,Civil Engineering,Lovely Professional University,48,4,1800000,1800000,300000,300000,-0.166666667,6
India,Engineering & Technology,UG,Information Technology,Lovely Professional University,48,4,1800000,1800000,600000,600000,0.666666667,3
India,Engineering & Technology,UG,Computer Science and Engineering,Lovely Professional University,48,4,1800000,1800000,600000,600000,0.666666667,3
India,Engineering & Technology,PG,Power Systems,Lovely Professional University,48,2,800000,800000,500000,500000,2.125,1.6
India,Engineering & Technology,PG,Chemical Engineering,Lovely Professional University,48,2,800000,800000,500000,500000,2.125,1.6
India,Engineering & Technology,PG,Artificial Intelligence,Lovely Professional University,48,2,800000,800000,900000,900000,4.625,0.888888889
India,Engineering & Technology,PG,Information Security,Lovely Professional University,48,2,800000,800000,700000,700000,3.375,1.142857143
India,Engineering & Technology,PG,Communication Engineering,Lovely Professional University,48,2,800000,800000,700000,700000,3.375,1.142857143
India,Engineering & Technology,PG,Computer Science and Engineering,Lovely Professional University,48,2,800000,800000,900000,900000,4.625,0.888888889
India,Engineering & Technology,PG,Material Science and Engineering,Lovely Professional University,48,2,800000,800000,400000,400000,1.5,2
India,Engineering & Technology,PG,Control Systems,Lovely Professional University,48,2,800000,800000,400000,400000,1.5,2
India,Engineering & Technology,PG,Machine Design,Lovely Professional University,48,2,800000,800000,400000,400000,1.5,2
India,Engineering & Technology,PG,Microelectronics,Lovely Professional University,48,2,800000,800000,700000,700000,3.375,1.142857143
India,Engineering & Technology,PG,Manufacturing Engineering,Lovely Professional University,48,2,800000,800000,300000,300000,0.875,2.666666667
India,Engineering & Technology,PG,Biotechnology,Lovely Professional University,48,2,800000,800000,300000,300000,0.875,2.666666667
India,Engineering & Technology,PG,VLSI Design,Lovely Professional University,48,2,800000,800000,900000,900000,4.625,0.888888889
India,Engineering & Technology,UG,B.Tech in Mathematics and Computing,National Institute of Technology Durgapur,49,4,1800000,1800000,1300000,1300000,2.611111111,1.384615385
India,Engineering & Technology,UG,Bio Technology,National Institute of Technology Durgapur,49,4,1800000,1800000,800000,800000,1.222222222,2.25
India,Engineering & Technology,PG,Biotechnology ,National Institute of Technology Durgapur,49,5,800000,800000,700000,700000,3.375,1.142857143
India,Engineering & Technology,UG,Chemical Engineering,National Institute of Technology Durgapur,49,4,1800000,1800000,800000,800000,1.222222222,2.25
India,Engineering & Technology,PG,Chemical Engineering ,National Institute of Technology Durgapur,49,5,800000,800000,800000,800000,4,1
India,Engineering & Technology,UG,Chemistry,National Institute of Technology Durgapur,49,5,1800000,1800000,700000,700000,0.944444444,2.571428571
India,Engineering & Technology,UG,Civil Engineering,National Institute of Technology Durgapur,49,4,1800000,1800000,800000,800000,1.222222222,2.25
India,Engineering & Technology,UG,Computer Science and Engineering,National Institute of Technology Durgapur,49,4,1800000,1800000,1300000,1300000,2.611111111,1.384615385
India,Engineering & Technology,UG,Electrical Engineering,National Institute of Technology Durgapur,49,4,1800000,1800000,1100000,1100000,2.055555556,1.636363636
India,Engineering & Technology,UG,Electronics and Communication Engineering,National Institute of Technology Durgapur,49,4,1800000,1800000,1100000,1100000,2.055555556,1.636363636
India,Engineering & Technology,UG,Mechanical Engineering,National Institute of Technology Durgapur,49,4,1800000,1800000,900000,900000,1.5,2
India,Engineering & Technology,UG,Metallurgical and Materials Engineering,National Institute of Technology Durgapur,49,4,1800000,1800000,700000,700000,0.944444444,2.571428571
India,Engineering & Technology,PG,Material Science and Engineering,National Institute of Technology Durgapur,49,2,800000,800000,700000,700000,3.375,1.142857143
India,Engineering & Technology,PG,Environmental Engineering,National Institute of Technology Durgapur,49,2,800000,800000,700000,700000,3.375,1.142857143
India,Engineering & Technology,PG,Computer Science and Engineering,National Institute of Technology Durgapur,49,2,800000,800000,1500000,1500000,8.375,0.533333333
India,Engineering & Technology,PG,Thermal Engineering,National Institute of Technology Durgapur,49,2,800000,800000,900000,900000,4.625,0.888888889
India,Engineering & Technology,PG,Chemical Engineering,National Institute of Technology Durgapur,49,2,800000,800000,800000,800000,4,1
India,Engineering & Technology,PG,Information Security,National Institute of Technology Durgapur,49,2,800000,800000,1300000,1300000,7.125,0.615384615
India,Engineering & Technology,PG,Artificial Intelligence,National Institute of Technology Durgapur,49,2,800000,800000,1700000,1700000,9.625,0.470588235
India,Engineering & Technology,PG,Microelectronics,National Institute of Technology Durgapur,49,2,800000,800000,1500000,1500000,8.375,0.533333333
India,Engineering & Technology,UG,Civil Engineering,National Institute of Technology Silchar,50,4,1800000,1800000,600000,600000,0.666666667,3
India,Engineering & Technology,UG,Computer Science and Engineering,National Institute of Technology Silchar,50,4,1800000,1800000,1000000,1000000,1.777777778,1.8
India,Engineering & Technology,UG,Electrical Engineering,National Institute of Technology Silchar,50,4,1800000,1800000,900000,900000,1.5,2
India,Engineering & Technology,UG,Electronics and Communication Engineering,National Institute of Technology Silchar,50,4,1800000,1800000,800000,800000,1.222222222,2.25
India,Engineering & Technology,UG,Electronics and Instrumentation Engineering,National Institute of Technology Silchar,50,4,1800000,1800000,800000,800000,1.222222222,2.25
India,Engineering & Technology,UG,Mechanical Engineering,National Institute of Technology Silchar,50,4,1800000,1800000,700000,700000,0.944444444,2.571428571
India,Engineering & Technology,PG,Artificial Intelligence,National Institute of Technology Silchar,50,2,800000,800000,1700000,1700000,9.625,0.470588235
India,Engineering & Technology,PG,Computer Science and Engineering,National Institute of Technology Silchar,50,2,800000,800000,1600000,1600000,9,0.5
India,Engineering & Technology,PG,Communication Engineering,National Institute of Technology Silchar,50,2,800000,800000,1300000,1300000,7.125,0.615384615
India,Engineering & Technology,PG,VLSI Design,National Institute of Technology Silchar,50,2,800000,800000,1600000,1600000,9,0.5
India,Engineering & Technology,PG,Manufacturing Engineering,National Institute of Technology Silchar,50,2,800000,800000,700000,700000,3.375,1.142857143
India,Engineering & Technology,PG,Information Security,National Institute of Technology Silchar,50,2,800000,800000,1500000,1500000,8.375,0.533333333
India,Engineering & Technology,PG,Thermal Engineering,National Institute of Technology Silchar,50,2,800000,800000,800000,800000,4,1
India,Engineering & Technology,PG,Microelectronics,National Institute of Technology Silchar,50,2,800000,800000,1300000,1300000,7.125,0.615384615
India,Engineering & Technology,PG,Power Systems,National Institute of Technology Silchar,50,2,800000,800000,800000,800000,4,1
India,Engineering & Technology,PG,Chemical Engineering,National Institute of Technology Silchar,50,2,800000,800000,800000,800000,4,1
India,Engineering & Technology,PG,Material Science and Engineering,National Institute of Technology Silchar,50,2,800000,800000,600000,600000,2.75,1.333333333
India,Engineering & Technology,PG,Structural Engineering,National Institute of Technology Silchar,50,2,800000,800000,800000,800000,4,1
India,Engineering & Technology,UG,Architecture,Birla Institute of Technology,51,5,1800000,1800000,600000,600000,0.666666667,3
India,Engineering & Technology,UG,Artificial Intelligence and Machine Learning,Birla Institute of Technology,51,4,1800000,1800000,1000000,1000000,1.777777778,1.8
India,Engineering & Technology,UG,Bio Technology,Birla Institute of Technology,51,4,1800000,1800000,600000,600000,0.666666667,3
India,Engineering & Technology,UG,Chemical Engineering,Birla Institute of Technology,51,4,1800000,1800000,600000,600000,0.666666667,3
India,Engineering & Technology,UG,Civil Engineering,Birla Institute of Technology,51,4,1800000,1800000,600000,600000,0.666666667,3
India,Engineering & Technology,UG,Computer Science and Engineering,Birla Institute of Technology,51,4,1800000,1800000,1000000,1000000,1.777777778,1.8
India,Engineering & Technology,UG,Electrical and Electronics Engineering,Birla Institute of Technology,51,4,1800000,1800000,900000,900000,1.5,2
India,Engineering & Technology,UG,Electronics and Communication Engineering,Birla Institute of Technology,51,4,1800000,1800000,900000,900000,1.5,2
India,Engineering & Technology,UG,Food Engineering and Technology,Birla Institute of Technology,51,4,1800000,1800000,600000,600000,0.666666667,3
India,Engineering & Technology,UG,Mathematics and Computing,Birla Institute of Technology,51,5,1800000,1800000,1000000,1000000,1.777777778,1.8
India,Engineering & Technology,UG,Mechanical Engineering,Birla Institute of Technology,51,4,1800000,1800000,700000,700000,0.944444444,2.571428571
India,Engineering & Technology,UG,Physics,Birla Institute of Technology,51,5,1800000,1800000,500000,500000,0.388888889,3.6
India,Engineering & Technology,UG,Production and Industrial Engineering,Birla Institute of Technology,51,4,1800000,1800000,600000,600000,0.666666667,3
India,Engineering & Technology,UG,Quantitative Economics & Data Science,Birla Institute of Technology,51,5,1800000,1800000,1000000,1000000,1.777777778,1.8
India,Engineering & Technology,PG,Data Science,Birla Institute of Technology,51,2,800000,800000,700000,700000,3.375,1.142857143
India,Engineering & Technology,PG,Artificial Intelligence,Birla Institute of Technology,51,2,800000,800000,900000,900000,4.625,0.888888889
India,Engineering & Technology,PG,Machine Design,Birla Institute of Technology,51,2,800000,800000,400000,400000,1.5,2
India,Engineering & Technology,PG,Material Science and Engineering,Birla Institute of Technology,51,2,800000,800000,300000,300000,0.875,2.666666667
India,Engineering & Technology,PG,Thermal Engineering,Birla Institute of Technology,51,2,800000,800000,400000,400000,1.5,2
India,Engineering & Technology,PG,Structural Engineering,Birla Institute of Technology,51,2,800000,800000,400000,400000,1.5,2
India,Engineering & Technology,PG,Communication Engineering,Birla Institute of Technology,51,2,800000,800000,800000,800000,4,1
India,Engineering & Technology,PG,Microelectronics,Birla Institute of Technology,51,2,800000,800000,800000,800000,4,1
India,Engineering & Technology,PG,Computer Science and Engineering,Birla Institute of Technology,51,2,800000,800000,800000,800000,4,1
India,Engineering & Technology,PG,Manufacturing Engineering,Birla Institute of Technology,51,2,800000,800000,400000,400000,1.5,2
India,Engineering & Technology,PG,Environmental Engineering,Birla Institute of Technology,51,2,800000,800000,400000,400000,1.5,2
India,Engineering & Technology,PG,Biotechnology,Birla Institute of Technology,51,2,800000,800000,300000,300000,0.875,2.666666667
India,Engineering & Technology,PG,Chemical Engineering,Birla Institute of Technology,51,2,800000,800000,400000,400000,1.5,2
India,Engineering & Technology,UG,Computer Science and Engineering,Graphic Era University,52,4,1800000,1800000,600000,600000,0.666666667,3
India,Engineering & Technology,UG,Mechanical Engineering,Graphic Era University,52,4,1800000,1800000,300000,300000,-0.166666667,6
India,Engineering & Technology,UG,Civil Engineering,Graphic Era University,52,4,1800000,1800000,300000,300000,-0.166666667,6
India,Engineering & Technology,UG,Electronics and Communication Engineering,Graphic Era University,52,4,1800000,1800000,500000,500000,0.388888889,3.6
India,Engineering & Technology,UG,Electrical Engineering,Graphic Era University,52,4,1800000,1800000,400000,400000,0.111111111,4.5
India,Engineering & Technology,UG,Information Technology,Graphic Era University,52,4,1800000,1800000,600000,600000,0.666666667,3
India,Engineering & Technology,PG,Computer Science and Engineering,Graphic Era University,52,2,800000,800000,900000,900000,4.625,0.888888889
India,Engineering & Technology,PG,Information Security,Graphic Era University,52,2,800000,800000,700000,700000,3.375,1.142857143
India,Engineering & Technology,PG,Thermal Engineering,Graphic Era University,52,2,800000,800000,400000,400000,1.5,2
India,Engineering & Technology,PG,Structural Engineering,Graphic Era University,52,2,800000,800000,400000,400000,1.5,2
India,Engineering & Technology,PG,Power Systems,Graphic Era University,52,2,800000,800000,400000,400000,1.5,2
India,Engineering & Technology,PG,VLSI Design,Graphic Era University,52,2,800000,800000,700000,700000,3.375,1.142857143
India,Engineering & Technology,PG,Transportation Engineering,Graphic Era University,52,2,800000,800000,400000,400000,1.5,2
India,Engineering & Technology,PG,Machine Design,Graphic Era University,52,2,800000,800000,500000,500000,2.125,1.6
India,Engineering & Technology,PG,Biotechnology,Graphic Era University,52,2,800000,800000,400000,400000,1.5,2
India,Engineering & Technology,PG,Environmental Engineering,Graphic Era University,52,2,800000,800000,400000,400000,1.5,2
India,Engineering & Technology,PG,Microelectronics,Graphic Era University,52,2,800000,800000,700000,700000,3.375,1.142857143
India,Engineering & Technology,PG,Control Systems,Graphic Era University,52,2,800000,800000,500000,500000,2.125,1.6
India,Engineering & Technology,UG,Architecture,National Institute of Technology Patna,53,5,1800000,1800000,1000000,1000000,1.777777778,1.8
India,Engineering & Technology,UG,Artificial Intelligence and Data Science,National Institute of Technology Patna,53,4,1800000,1800000,1700000,1700000,3.722222222,1.058823529
India,Engineering & Technology,PG,Chemical Technology ,National Institute of Technology Patna,53,5,800000,800000,1000000,1000000,5.25,0.8
India,Engineering & Technology,UG,Civil Engineering,National Institute of Technology Patna,53,4,1800000,1800000,1000000,1000000,1.777777778,1.8
India,Engineering & Technology,PG,Civil Engineering with Specialization in Construction Technology and Management ,National Institute of Technology Patna,53,5,800000,800000,1000000,1000000,5.25,0.8
India,Engineering & Technology,UG,Computer Science and Engineering,National Institute of Technology Patna,53,4,1800000,1800000,1700000,1700000,3.722222222,1.058823529
India,Engineering & Technology,PG,Computer Science and Engineering with Specialization in Cyber Security ,National Institute of Technology Patna,53,5,800000,800000,1600000,1600000,9,0.5
India,Engineering & Technology,PG,Computer Science and Engineering with Specialization in Data Science ,National Institute of Technology Patna,53,5,800000,800000,1700000,1700000,9.625,0.470588235
India,Engineering & Technology,UG,Electrical Engineering,National Institute of Technology Patna,53,4,1800000,1800000,1400000,1400000,2.888888889,1.285714286
India,Engineering & Technology,PG,Electrical Engineering with Specialization In Power System Engineering ,National Institute of Technology Patna,53,5,800000,800000,1400000,1400000,7.75,0.571428571
India,Engineering & Technology,UG,Electronics and Communication Engineering,National Institute of Technology Patna,53,4,1800000,1800000,1400000,1400000,2.888888889,1.285714286
India,Engineering & Technology,PG,Electronics and Communication Engineering with Specialization in Microelectronics and VLSI System Design ,National Institute of Technology Patna,53,5,800000,800000,1400000,1400000,7.75,0.571428571
India,Engineering & Technology,UG,Electronics Engineering,National Institute of Technology Patna,53,4,1800000,1800000,1500000,1500000,3.166666667,1.2
India,Engineering & Technology,PG,Material Science and Engineering ,National Institute of Technology Patna,53,5,800000,800000,900000,900000,4.625,0.888888889
India,Engineering & Technology,PG,Mathematics and Computing Technology ,National Institute of Technology Patna,53,5,800000,800000,1700000,1700000,9.625,0.470588235
India,Engineering & Technology,UG,Mechanical Engineering,National Institute of Technology Patna,53,4,1800000,1800000,1200000,1200000,2.333333333,1.5
India,Engineering & Technology,PG,Mechanical Engineering with Specialization in Manufacturing and Industrial Engineering ,National Institute of Technology Patna,53,5,800000,800000,1100000,1100000,5.875,0.727272727
India,Engineering & Technology,UG,Mechatronics and Automation Engineering,National Institute of Technology Patna,53,4,1800000,1800000,1200000,1200000,2.333333333,1.5
India,Engineering & Technology,PG,Microelectronics,National Institute of Technology Patna,53,2,800000,800000,1300000,1300000,7.125,0.615384615
India,Engineering & Technology,PG,Information Security,National Institute of Technology Patna,53,2,800000,800000,1300000,1300000,7.125,0.615384615
India,Engineering & Technology,PG,Control Systems,National Institute of Technology Patna,53,2,800000,800000,800000,800000,4,1
India,Engineering & Technology,PG,Thermal Engineering,National Institute of Technology Patna,53,2,800000,800000,800000,800000,4,1
India,Engineering & Technology,PG,Power Systems,National Institute of Technology Patna,53,2,800000,800000,700000,700000,3.375,1.142857143
India,Engineering & Technology,PG,Artificial Intelligence,National Institute of Technology Patna,53,2,800000,800000,1400000,1400000,7.75,0.571428571
India,Engineering & Technology,PG,Transportation Engineering,National Institute of Technology Patna,53,2,800000,800000,900000,900000,4.625,0.888888889
India,Engineering & Technology,PG,Computer Science and Engineering,National Institute of Technology Patna,53,2,800000,800000,1300000,1300000,7.125,0.615384615
India,Engineering & Technology,PG,Communication Engineering,National Institute of Technology Patna,53,2,800000,800000,1500000,1500000,8.375,0.533333333
India,Engineering & Technology,PG,Manufacturing Engineering,National Institute of Technology Patna,53,2,800000,800000,700000,700000,3.375,1.142857143
India,Engineering & Technology,PG,Material Science and Engineering,National Institute of Technology Patna,53,2,800000,800000,600000,600000,2.75,1.333333333
India,Engineering & Technology,UG,Aerospace Engineering,"Indian Institute of Engineering Science and Technology, Shibpur",54,4,1800000,1800000,500000,500000,0.388888889,3.6
India,Engineering & Technology,UG,Architecture,"Indian Institute of Engineering Science and Technology, Shibpur",54,5,1800000,1800000,400000,400000,0.111111111,4.5
India,Engineering & Technology,UG,Civil Engineering,"Indian Institute of Engineering Science and Technology, Shibpur",54,4,1800000,1800000,400000,400000,0.111111111,4.5
India,Engineering & Technology,UG,Computer Science and Engineering,"Indian Institute of Engineering Science and Technology, Shibpur",54,4,1800000,1800000,700000,700000,0.944444444,2.571428571
India,Engineering & Technology,UG,Electrical Engineering,"Indian Institute of Engineering Science and Technology, Shibpur",54,4,1800000,1800000,600000,600000,0.666666667,3
India,Engineering & Technology,UG,Electronics and Telecommunication Engineering,"Indian Institute of Engineering Science and Technology, Shibpur",54,4,1800000,1800000,600000,600000,0.666666667,3
India,Engineering & Technology,UG,Information Technology,"Indian Institute of Engineering Science and Technology, Shibpur",54,4,1800000,1800000,700000,700000,0.944444444,2.571428571
India,Engineering & Technology,UG,Mechanical Engineering,"Indian Institute of Engineering Science and Technology, Shibpur",54,4,1800000,1800000,500000,500000,0.388888889,3.6
India,Engineering & Technology,UG,Metallurgy and Materials Engineering,"Indian Institute of Engineering Science and Technology, Shibpur",54,4,1800000,1800000,400000,400000,0.111111111,4.5
India,Engineering & Technology,UG,Mining Engineering,"Indian Institute of Engineering Science and Technology, Shibpur",54,4,1800000,1800000,400000,400000,0.111111111,4.5
India,Engineering & Technology,PG,Computer Science and Engineering,"Indian Institute of Engineering Science and Technology, Shibpur",54,2,800000,800000,700000,700000,3.375,1.142857143
India,Engineering & Technology,PG,Chemical Engineering,"Indian Institute of Engineering Science and Technology, Shibpur",54,2,800000,800000,400000,400000,1.5,2
India,Engineering & Technology,PG,Transportation Engineering,"Indian Institute of Engineering Science and Technology, Shibpur",54,2,800000,800000,400000,400000,1.5,2
India,Engineering & Technology,PG,Structural Engineering,"Indian Institute of Engineering Science and Technology, Shibpur",54,2,800000,800000,500000,500000,2.125,1.6
India,Engineering & Technology,PG,Artificial Intelligence,"Indian Institute of Engineering Science and Technology, Shibpur",54,2,800000,800000,900000,900000,4.625,0.888888889
India,Engineering & Technology,PG,Biotechnology,"Indian Institute of Engineering Science and Technology, Shibpur",54,2,800000,800000,400000,400000,1.5,2
India,Engineering & Technology,PG,Microelectronics,"Indian Institute of Engineering Science and Technology, Shibpur",54,2,800000,800000,800000,800000,4,1
India,Engineering & Technology,PG,Information Security,"Indian Institute of Engineering Science and Technology, Shibpur",54,2,800000,800000,700000,700000,3.375,1.142857143
India,Engineering & Technology,UG,Bio Technology,"Dr. B R Ambedkar National Institute of Technology, Jalandhar",55,4,1800000,1800000,800000,800000,1.222222222,2.25
India,Engineering & Technology,UG,Chemical Engineering,"Dr. B R Ambedkar National Institute of Technology, Jalandhar",55,4,1800000,1800000,800000,800000,1.222222222,2.25
India,Engineering & Technology,UG,Civil Engineering,"Dr. B R Ambedkar National Institute of Technology, Jalandhar",55,4,1800000,1800000,800000,800000,1.222222222,2.25
India,Engineering & Technology,UG,Computer Science and Engineering,"Dr. B R Ambedkar National Institute of Technology, Jalandhar",55,4,1800000,1800000,1300000,1300000,2.611111111,1.384615385
India,Engineering & Technology,UG,Data Science and Engineering,"Dr. B R Ambedkar National Institute of Technology, Jalandhar",55,4,1800000,1800000,1300000,1300000,2.611111111,1.384615385
India,Engineering & Technology,UG,Electrical Engineering,"Dr. B R Ambedkar National Institute of Technology, Jalandhar",55,4,1800000,1800000,1100000,1100000,2.055555556,1.636363636
India,Engineering & Technology,UG,Electronics and Communication Engineering,"Dr. B R Ambedkar National Institute of Technology, Jalandhar",55,4,1800000,1800000,1100000,1100000,2.055555556,1.636363636
India,Engineering & Technology,UG,Electronics and VLSI Engineering,"Dr. B R Ambedkar National Institute of Technology, Jalandhar",55,4,1800000,1800000,1100000,1100000,2.055555556,1.636363636
India,Engineering & Technology,UG,Industrial and Production Engineering,"Dr. B R Ambedkar National Institute of Technology, Jalandhar",55,4,1800000,1800000,800000,800000,1.222222222,2.25
India,Engineering & Technology,UG,Information Technology,"Dr. B R Ambedkar National Institute of Technology, Jalandhar",55,4,1800000,1800000,1300000,1300000,2.611111111,1.384615385
India,Engineering & Technology,UG,Instrumentation and Control Engineering,"Dr. B R Ambedkar National Institute of Technology, Jalandhar",55,4,1800000,1800000,1100000,1100000,2.055555556,1.636363636
India,Engineering & Technology,UG,Mathematics and Computing,"Dr. B R Ambedkar National Institute of Technology, Jalandhar",55,4,1800000,1800000,1300000,1300000,2.611111111,1.384615385
India,Engineering & Technology,UG,Mechanical Engineering,"Dr. B R Ambedkar National Institute of Technology, Jalandhar",55,4,1800000,1800000,900000,900000,1.5,2
India,Engineering & Technology,UG,Textile Technology,"Dr. B R Ambedkar National Institute of Technology, Jalandhar",55,4,1800000,1800000,800000,800000,1.222222222,2.25
India,Engineering & Technology,PG,Computer Science and Engineering,"Dr. B R Ambedkar National Institute of Technology, Jalandhar",55,2,800000,800000,1300000,1300000,7.125,0.615384615
India,Engineering & Technology,PG,Chemical Engineering,"Dr. B R Ambedkar National Institute of Technology, Jalandhar",55,2,800000,800000,800000,800000,4,1
India,Engineering & Technology,PG,Biotechnology,"Dr. B R Ambedkar National Institute of Technology, Jalandhar",55,2,800000,800000,800000,800000,4,1
India,Engineering & Technology,PG,Artificial Intelligence,"Dr. B R Ambedkar National Institute of Technology, Jalandhar",55,2,800000,800000,1500000,1500000,8.375,0.533333333
India,Engineering & Technology,PG,VLSI Design,"Dr. B R Ambedkar National Institute of Technology, Jalandhar",55,2,800000,800000,1500000,1500000,8.375,0.533333333
India,Engineering & Technology,PG,Structural Engineering,"Dr. B R Ambedkar National Institute of Technology, Jalandhar",55,2,800000,800000,800000,800000,4,1
India,Engineering & Technology,PG,Communication Engineering,"Dr. B R Ambedkar National Institute of Technology, Jalandhar",55,2,800000,800000,1500000,1500000,8.375,0.533333333
India,Engineering & Technology,PG,Material Science and Engineering,"Dr. B R Ambedkar National Institute of Technology, Jalandhar",55,2,800000,800000,700000,700000,3.375,1.142857143
India,Engineering & Technology,PG,Environmental Engineering,"Dr. B R Ambedkar National Institute of Technology, Jalandhar",55,2,800000,800000,800000,800000,4,1
India,Engineering & Technology,PG,Data Science,"Dr. B R Ambedkar National Institute of Technology, Jalandhar",55,2,800000,800000,1700000,1700000,9.625,0.470588235
India,Engineering & Technology,PG,Transportation Engineering,"Dr. B R Ambedkar National Institute of Technology, Jalandhar",55,2,800000,800000,800000,800000,4,1
India,Engineering & Technology,UG,Chemical Engineering,Indian Institute of Technology Jammu,56,4,1800000,1800000,600000,600000,0.666666667,3
India,Engineering & Technology,UG,Civil Engineering,Indian Institute of Technology Jammu,56,4,1800000,1800000,600000,600000,0.666666667,3
India,Engineering & Technology,UG,Computer Science and Engineering,Indian Institute of Technology Jammu,56,4,1800000,1800000,1000000,1000000,1.777777778,1.8
India,Engineering & Technology,UG,Electrical Engineering,Indian Institute of Technology Jammu,56,4,1800000,1800000,900000,900000,1.5,2
India,Engineering & Technology,UG,Engineering Physics,Indian Institute of Technology Jammu,56,4,1800000,1800000,500000,500000,0.388888889,3.6
India,Engineering & Technology,UG,Materials Engineering,Indian Institute of Technology Jammu,56,4,1800000,1800000,600000,600000,0.666666667,3
India,Engineering & Technology,UG,Mathematics and Computing,Indian Institute of Technology Jammu,56,4,1800000,1800000,1000000,1000000,1.777777778,1.8
India,Engineering & Technology,UG,Mechanical Engineering,Indian Institute of Technology Jammu,56,4,1800000,1800000,700000,700000,0.944444444,2.571428571
India,Engineering & Technology,PG,Computer Science and Engineering,Indian Institute of Technology Jammu,56,2,800000,800000,2400000,2400000,14,0.333333333
India,Engineering & Technology,PG,Data Science,Indian Institute of Technology Jammu,56,2,800000,800000,2600000,2600000,15.25,0.307692308
India,Engineering & Technology,PG,Biotechnology,Indian Institute of Technology Jammu,56,2,800000,800000,1200000,1200000,6.5,0.666666667
India,Engineering & Technology,PG,Information Security,Indian Institute of Technology Jammu,56,2,800000,800000,2300000,2300000,13.375,0.347826087
India,Engineering & Technology,PG,VLSI Design,Indian Institute of Technology Jammu,56,2,800000,800000,2200000,2200000,12.75,0.363636364
India,Engineering & Technology,PG,Transportation Engineering,Indian Institute of Technology Jammu,56,2,800000,800000,1300000,1300000,7.125,0.615384615
India,Engineering & Technology,PG,Machine Design,Indian Institute of Technology Jammu,56,2,800000,800000,1200000,1200000,6.5,0.666666667
India,Engineering & Technology,PG,Structural Engineering,Indian Institute of Technology Jammu,56,2,800000,800000,1400000,1400000,7.75,0.571428571
India,Engineering & Technology,PG,Manufacturing Engineering,Indian Institute of Technology Jammu,56,2,800000,800000,1300000,1300000,7.125,0.615384615
India,Engineering & Technology,PG,Control Systems,Indian Institute of Technology Jammu,56,2,800000,800000,1300000,1300000,7.125,0.615384615
India,Engineering & Technology,PG,Communication Engineering,Indian Institute of Technology Jammu,56,2,800000,800000,2300000,2300000,13.375,0.347826087
India,Engineering & Technology,PG,Microelectronics,Indian Institute of Technology Jammu,56,2,800000,800000,2000000,2000000,11.5,0.4
India,Engineering & Technology,UG,Chemical Engineering,"Indian Institute of Technology, Tirupati",57,4,1800000,1800000,600000,600000,0.666666667,3
India,Engineering & Technology,UG,Civil Engineering,"Indian Institute of Technology, Tirupati",57,4,1800000,1800000,600000,600000,0.666666667,3
India,Engineering & Technology,UG,Computer Science and Engineering,"Indian Institute of Technology, Tirupati",57,4,1800000,1800000,1000000,1000000,1.777777778,1.8
India,Engineering & Technology,UG,Electrical Engineering,"Indian Institute of Technology, Tirupati",57,4,1800000,1800000,800000,800000,1.222222222,2.25
India,Engineering & Technology,UG,Engineering Physics,"Indian Institute of Technology, Tirupati",57,4,1800000,1800000,500000,500000,0.388888889,3.6
India,Engineering & Technology,UG,Mechanical Engineering,"Indian Institute of Technology, Tirupati",57,4,1800000,1800000,700000,700000,0.944444444,2.571428571
India,Engineering & Technology,PG,Computer Science and Engineering,"Indian Institute of Technology, Tirupati",57,2,800000,800000,2300000,2300000,13.375,0.347826087
India,Engineering & Technology,PG,Biotechnology,"Indian Institute of Technology, Tirupati",57,2,800000,800000,1200000,1200000,6.5,0.666666667
India,Engineering & Technology,PG,Machine Design,"Indian Institute of Technology, Tirupati",57,2,800000,800000,1100000,1100000,5.875,0.727272727
India,Engineering & Technology,PG,Data Science,"Indian Institute of Technology, Tirupati",57,2,800000,800000,2300000,2300000,13.375,0.347826087
India,Engineering & Technology,PG,Artificial Intelligence,"Indian Institute of Technology, Tirupati",57,2,800000,800000,2200000,2200000,12.75,0.363636364
India,Engineering & Technology,PG,Material Science and Engineering,"Indian Institute of Technology, Tirupati",57,2,800000,800000,1000000,1000000,5.25,0.8
India,Engineering & Technology,PG,Environmental Engineering,"Indian Institute of Technology, Tirupati",57,2,800000,800000,1200000,1200000,6.5,0.666666667
India,Engineering & Technology,PG,Manufacturing Engineering,"Indian Institute of Technology, Tirupati",57,2,800000,800000,1200000,1200000,6.5,0.666666667
India,Engineering & Technology,UG,Mechanical Engineering,Manipal University Jaipur,58,4,1800000,1800000,300000,300000,-0.166666667,6
India,Engineering & Technology,UG,Civil Engineering,Manipal University Jaipur,58,4,1800000,1800000,300000,300000,-0.166666667,6
India,Engineering & Technology,UG,Computer Science and Engineering,Manipal University Jaipur,58,4,1800000,1800000,600000,600000,0.666666667,3
India,Engineering & Technology,UG,Information Technology,Manipal University Jaipur,58,4,1800000,1800000,600000,600000,0.666666667,3
India,Engineering & Technology,UG,Electronics and Communication Engineering,Manipal University Jaipur,58,4,1800000,1800000,500000,500000,0.388888889,3.6
India,Engineering & Technology,UG,Electrical Engineering,Manipal University Jaipur,58,4,1800000,1800000,400000,400000,0.111111111,4.5
India,Engineering & Technology,PG,Information Security,Manipal University Jaipur,58,2,800000,800000,1000000,1000000,5.25,0.8
India,Engineering & Technology,PG,VLSI Design,Manipal University Jaipur,58,2,800000,800000,900000,900000,4.625,0.888888889
India,Engineering & Technology,PG,Control Systems,Manipal University Jaipur,58,2,800000,800000,600000,600000,2.75,1.333333333
India,Engineering & Technology,PG,Chemical Engineering,Manipal University Jaipur,58,2,800000,800000,600000,600000,2.75,1.333333333
India,Engineering & Technology,PG,Biotechnology,Manipal University Jaipur,58,2,800000,800000,500000,500000,2.125,1.6
India,Engineering & Technology,PG,Environmental Engineering,Manipal University Jaipur,58,2,800000,800000,600000,600000,2.75,1.333333333
India,Engineering & Technology,PG,Material Science and Engineering,Manipal University Jaipur,58,2,800000,800000,500000,500000,2.125,1.6
India,Engineering & Technology,PG,Thermal Engineering,Manipal University Jaipur,58,2,800000,800000,700000,700000,3.375,1.142857143
India,Engineering & Technology,PG,Computer Science and Engineering,Manipal University Jaipur,58,2,800000,800000,1200000,1200000,6.5,0.666666667
India,Engineering & Technology,PG,Artificial Intelligence,Manipal University Jaipur,58,2,800000,800000,1100000,1100000,5.875,0.727272727
India,Engineering & Technology,PG,Structural Engineering,Manipal University Jaipur,58,2,800000,800000,600000,600000,2.75,1.333333333
India,Engineering & Technology,PG,Data Science,Manipal University Jaipur,58,2,800000,800000,1100000,1100000,5.875,0.727272727
India,Engineering & Technology,PG,Machine Design,Manipal University Jaipur,58,2,800000,800000,600000,600000,2.75,1.333333333
India,Engineering & Technology,PG,Microelectronics,Manipal University Jaipur,58,2,800000,800000,1100000,1100000,5.875,0.727272727
India,Engineering & Technology,PG,Transportation Engineering,Manipal University Jaipur,58,2,800000,800000,600000,600000,2.75,1.333333333
India,Engineering & Technology,UG,Computer Science and Engineering,Manipal Institute of Technology,59,4,1800000,1800000,1100000,1100000,2.055555556,1.636363636
India,Engineering & Technology,UG,Civil Engineering,Manipal Institute of Technology,59,4,1800000,1800000,400000,400000,0.111111111,4.5
India,Engineering & Technology,UG,Chemical Engineering,Manipal Institute of Technology,59,4,1800000,1800000,500000,500000,0.388888889,3.6
India,Engineering & Technology,UG,Mechanical Engineering,Manipal Institute of Technology,59,4,1800000,1800000,500000,500000,0.388888889,3.6
India,Engineering & Technology,UG,Information Technology,Manipal Institute of Technology,59,4,1800000,1800000,1000000,1000000,1.777777778,1.8
India,Engineering & Technology,UG,Electronics and Communication Engineering,Manipal Institute of Technology,59,4,1800000,1800000,800000,800000,1.222222222,2.25
India,Engineering & Technology,UG,Mechatronics,Manipal Institute of Technology,59,4,1800000,1800000,500000,500000,0.388888889,3.6
India,Engineering & Technology,UG,Electrical and Electronics Engineering,Manipal Institute of Technology,59,4,1800000,1800000,600000,600000,0.666666667,3
India,Engineering & Technology,UG,Automobile Engineering,Manipal Institute of Technology,59,4,1800000,1800000,400000,400000,0.111111111,4.5
India,Engineering & Technology,PG,Manufacturing Engineering,Manipal Institute of Technology,59,2,800000,800000,500000,500000,2.125,1.6
India,Engineering & Technology,PG,Communication Engineering,Manipal Institute of Technology,59,2,800000,800000,1100000,1100000,5.875,0.727272727
India,Engineering & Technology,PG,Computer Science and Engineering,Manipal Institute of Technology,59,2,800000,800000,1200000,1200000,6.5,0.666666667
India,Engineering & Technology,PG,Biotechnology,Manipal Institute of Technology,59,2,800000,800000,500000,500000,2.125,1.6
India,Engineering & Technology,PG,Data Science,Manipal Institute of Technology,59,2,800000,800000,1200000,1200000,6.5,0.666666667
India,Engineering & Technology,PG,Transportation Engineering,Manipal Institute of Technology,59,2,800000,800000,600000,600000,2.75,1.333333333
India,Engineering & Technology,PG,Thermal Engineering,Manipal Institute of Technology,59,2,800000,800000,600000,600000,2.75,1.333333333
India,Engineering & Technology,PG,Material Science and Engineering,Manipal Institute of Technology,59,2,800000,800000,600000,600000,2.75,1.333333333
India,Engineering & Technology,PG,Structural Engineering,Manipal Institute of Technology,59,2,800000,800000,500000,500000,2.125,1.6
India,Engineering & Technology,PG,Artificial Intelligence,Manipal Institute of Technology,59,2,800000,800000,1100000,1100000,5.875,0.727272727
India,Engineering & Technology,UG,Civil Engineering,Madan Mohan Malaviya University of Technology,60,4,1800000,1800000,300000,300000,-0.166666667,6
India,Engineering & Technology,UG,Electrical Engineering,Madan Mohan Malaviya University of Technology,60,4,1800000,1800000,400000,400000,0.111111111,4.5
India,Engineering & Technology,UG,Information Technology,Madan Mohan Malaviya University of Technology,60,4,1800000,1800000,600000,600000,0.666666667,3
India,Engineering & Technology,UG,Computer Science and Engineering,Madan Mohan Malaviya University of Technology,60,4,1800000,1800000,600000,600000,0.666666667,3
India,Engineering & Technology,UG,Electronics and Communication Engineering,Madan Mohan Malaviya University of Technology,60,4,1800000,1800000,500000,500000,0.388888889,3.6
India,Engineering & Technology,UG,Mechanical Engineering,Madan Mohan Malaviya University of Technology,60,4,1800000,1800000,300000,300000,-0.166666667,6
India,Engineering & Technology,PG,Power Systems,Madan Mohan Malaviya University of Technology,60,2,800000,800000,400000,400000,1.5,2
India,Engineering & Technology,PG,Information Security,Madan Mohan Malaviya University of Technology,60,2,800000,800000,800000,800000,4,1
India,Engineering & Technology,PG,Microelectronics,Madan Mohan Malaviya University of Technology,60,2,800000,800000,700000,700000,3.375,1.142857143
India,Engineering & Technology,PG,Environmental Engineering,Madan Mohan Malaviya University of Technology,60,2,800000,800000,400000,400000,1.5,2
India,Engineering & Technology,PG,Structural Engineering,Madan Mohan Malaviya University of Technology,60,2,800000,800000,400000,400000,1.5,2
India,Engineering & Technology,PG,Computer Science and Engineering,Madan Mohan Malaviya University of Technology,60,2,800000,800000,900000,900000,4.625,0.888888889
India,Engineering & Technology,PG,Artificial Intelligence,Madan Mohan Malaviya University of Technology,60,2,800000,800000,700000,700000,3.375,1.142857143
India,Engineering & Technology,PG,Thermal Engineering,Madan Mohan Malaviya University of Technology,60,2,800000,800000,400000,400000,1.5,2
India,Engineering & Technology,PG,Machine Design,Madan Mohan Malaviya University of Technology,60,2,800000,800000,400000,400000,1.5,2
India,Engineering & Technology,PG,Chemical Engineering,Madan Mohan Malaviya University of Technology,60,2,800000,800000,400000,400000,1.5,2
India,Engineering & Technology,PG,Biotechnology,Madan Mohan Malaviya University of Technology,60,2,800000,800000,300000,300000,0.875,2.666666667
India,Engineering & Technology,UG,Electronics and Communication Engineering (Avionics),Indian Institute of Space Science and Technology,61,4,1800000,1800000,1100000,1100000,2.055555556,1.636363636
India,Engineering & Technology,PG,Engineering Physics,Indian Institute of Space Science and Technology,61,5,800000,800000,1100000,1100000,5.875,0.727272727
India,Engineering & Technology,UG,Aerospace Engineering,Indian Institute of Space Science and Technology,61,4,1800000,1800000,1200000,1200000,2.333333333,1.5
India,Engineering & Technology,PG,Computer Science and Engineering,Indian Institute of Space Science and Technology,61,2,800000,800000,800000,800000,4,1
India,Engineering & Technology,PG,Thermal Engineering,Indian Institute of Space Science and Technology,61,2,800000,800000,500000,500000,2.125,1.6
India,Engineering & Technology,PG,Material Science and Engineering,Indian Institute of Space Science and Technology,61,2,800000,800000,400000,400000,1.5,2
India,Engineering & Technology,PG,Machine Design,Indian Institute of Space Science and Technology,61,2,800000,800000,400000,400000,1.5,2
India,Engineering & Technology,PG,Information Security,Indian Institute of Space Science and Technology,61,2,800000,800000,900000,900000,4.625,0.888888889
India,Engineering & Technology,PG,Communication Engineering,Indian Institute of Space Science and Technology,61,2,800000,800000,900000,900000,4.625,0.888888889
India,Engineering & Technology,PG,Artificial Intelligence,Indian Institute of Space Science and Technology,61,2,800000,800000,900000,900000,4.625,0.888888889
India,Engineering & Technology,PG,Power Systems,Indian Institute of Space Science and Technology,61,2,800000,800000,500000,500000,2.125,1.6
India,Engineering & Technology,UG,Bio Technology,Motilal Nehru National Institute of Technology,62,4,1800000,1800000,1400000,1400000,2.888888889,1.285714286
India,Engineering & Technology,UG,Chemical Engineering,Motilal Nehru National Institute of Technology,62,4,1800000,1800000,1300000,1300000,2.611111111,1.384615385
India,Engineering & Technology,UG,Civil Engineering,Motilal Nehru National Institute of Technology,62,4,1800000,1800000,1300000,1300000,2.611111111,1.384615385
India,Engineering & Technology,UG,Computer Science and Engineering,Motilal Nehru National Institute of Technology,62,4,1800000,1800000,2300000,2300000,5.388888889,0.782608696
India,Engineering & Technology,UG,Electrical Engineering,Motilal Nehru National Institute of Technology,62,4,1800000,1800000,1900000,1900000,4.277777778,0.947368421
India,Engineering & Technology,UG,Electronics and Communication Engineering,Motilal Nehru National Institute of Technology,62,4,1800000,1800000,2000000,2000000,4.555555556,0.9
India,Engineering & Technology,UG,Engineering and Computational Mechanics,Motilal Nehru National Institute of Technology,62,4,1800000,1800000,1300000,1300000,2.611111111,1.384615385
India,Engineering & Technology,UG,Materials Engineering,Motilal Nehru National Institute of Technology,62,4,1800000,1800000,1300000,1300000,2.611111111,1.384615385
India,Engineering & Technology,UG,Mechanical Engineering,Motilal Nehru National Institute of Technology,62,4,1800000,1800000,1500000,1500000,3.166666667,1.2
India,Engineering & Technology,UG,Production and Industrial Engineering,Motilal Nehru National Institute of Technology,62,4,1800000,1800000,1400000,1400000,2.888888889,1.285714286
India,Engineering & Technology,PG,Control Systems,Motilal Nehru National Institute of Technology,62,2,800000,800000,700000,700000,3.375,1.142857143
India,Engineering & Technology,PG,Environmental Engineering,Motilal Nehru National Institute of Technology,62,2,800000,800000,800000,800000,4,1
India,Engineering & Technology,PG,Communication Engineering,Motilal Nehru National Institute of Technology,62,2,800000,800000,1600000,1600000,9,0.5
India,Engineering & Technology,PG,Machine Design,Motilal Nehru National Institute of Technology,62,2,800000,800000,900000,900000,4.625,0.888888889
India,Engineering & Technology,PG,Computer Science and Engineering,Motilal Nehru National Institute of Technology,62,2,800000,800000,1600000,1600000,9,0.5
India,Engineering & Technology,PG,Data Science,Motilal Nehru National Institute of Technology,62,2,800000,800000,1400000,1400000,7.75,0.571428571
India,Engineering & Technology,PG,Biotechnology,Motilal Nehru National Institute of Technology,62,2,800000,800000,600000,600000,2.75,1.333333333
India,Engineering & Technology,PG,Power Systems,Motilal Nehru National Institute of Technology,62,2,800000,800000,700000,700000,3.375,1.142857143
India,Engineering & Technology,UG,Computer Science and Engineering,Indraprastha Institute of Information Technology,63,4,1800000,1800000,2300000,2300000,5.388888889,0.782608696
India,Engineering & Technology,UG,Computer Science and Applied Mathematics,Indraprastha Institute of Information Technology,63,4,1800000,1800000,2100000,2100000,4.833333333,0.857142857
India,Engineering & Technology,UG,Computer Science and Design,Indraprastha Institute of Information Technology,63,4,1800000,1800000,1900000,1900000,4.277777778,0.947368421
India,Engineering & Technology,UG,Computer Science and Social Sciences,Indraprastha Institute of Information Technology,63,4,1800000,1800000,1800000,1800000,4,1
India,Engineering & Technology,UG,Electronics and Communication Engineering,Indraprastha Institute of Information Technology,63,4,1800000,1800000,1800000,1800000,4,1
India,Engineering & Technology,UG,Computer Science and Artificial Intelligence,Indraprastha Institute of Information Technology,63,4,1800000,1800000,2500000,2500000,5.944444444,0.72
India,Engineering & Technology,PG,Chemical Engineering,Indraprastha Institute of Information Technology,63,2,800000,800000,400000,400000,1.5,2
India,Engineering & Technology,PG,Environmental Engineering,Indraprastha Institute of Information Technology,63,2,800000,800000,400000,400000,1.5,2
India,Engineering & Technology,PG,Structural Engineering,Indraprastha Institute of Information Technology,63,2,800000,800000,400000,400000,1.5,2
India,Engineering & Technology,PG,Computer Science and Engineering,Indraprastha Institute of Information Technology,63,2,800000,800000,900000,900000,4.625,0.888888889
India,Engineering & Technology,PG,Machine Design,Indraprastha Institute of Information Technology,63,2,800000,800000,400000,400000,1.5,2
India,Engineering & Technology,PG,Thermal Engineering,Indraprastha Institute of Information Technology,63,2,800000,800000,400000,400000,1.5,2
India,Engineering & Technology,PG,Artificial Intelligence,Indraprastha Institute of Information Technology,63,2,800000,800000,800000,800000,4,1
India,Engineering & Technology,PG,Microelectronics,Indraprastha Institute of Information Technology,63,2,800000,800000,800000,800000,4,1
India,Engineering & Technology,PG,Information Security,Indraprastha Institute of Information Technology,63,2,800000,800000,800000,800000,4,1
India,Engineering & Technology,PG,Communication Engineering,Indraprastha Institute of Information Technology,63,2,800000,800000,700000,700000,3.375,1.142857143
India,Engineering & Technology,PG,VLSI Design,Indraprastha Institute of Information Technology,63,2,800000,800000,800000,800000,4,1
India,Engineering & Technology,PG,Power Systems,Indraprastha Institute of Information Technology,63,2,800000,800000,500000,500000,2.125,1.6
India,Engineering & Technology,PG,Control Systems,Indraprastha Institute of Information Technology,63,2,800000,800000,400000,400000,1.5,2
India,Engineering & Technology,PG,Data Science,Indraprastha Institute of Information Technology,63,2,800000,800000,800000,800000,4,1
India,Engineering & Technology,UG,Civil Engineering,Indian Institute of Technology Palakkad,64,4,1800000,1800000,600000,600000,0.666666667,3
India,Engineering & Technology,UG,Computer Science and Engineering,Indian Institute of Technology Palakkad,64,4,1800000,1800000,1000000,1000000,1.777777778,1.8
India,Engineering & Technology,UG,Data Science and Engineering,Indian Institute of Technology Palakkad,64,4,1800000,1800000,1000000,1000000,1.777777778,1.8
India,Engineering & Technology,UG,Electrical Engineering,Indian Institute of Technology Palakkad,64,4,1800000,1800000,800000,800000,1.222222222,2.25
India,Engineering & Technology,UG,Mechanical Engineering,Indian Institute of Technology Palakkad,64,4,1800000,1800000,700000,700000,0.944444444,2.571428571
India,Engineering & Technology,PG,Computer Science and Engineering,Indian Institute of Technology Palakkad,64,2,800000,800000,2400000,2400000,14,0.333333333
India,Engineering & Technology,PG,VLSI Design,Indian Institute of Technology Palakkad,64,2,800000,800000,2200000,2200000,12.75,0.363636364
India,Engineering & Technology,PG,Information Security,Indian Institute of Technology Palakkad,64,2,800000,800000,2100000,2100000,12.125,0.380952381
India,Engineering & Technology,PG,Data Science,Indian Institute of Technology Palakkad,64,2,800000,800000,2400000,2400000,14,0.333333333
India,Engineering & Technology,PG,Artificial Intelligence,Indian Institute of Technology Palakkad,64,2,800000,800000,2400000,2400000,14,0.333333333
India,Engineering & Technology,PG,Material Science and Engineering,Indian Institute of Technology Palakkad,64,2,800000,800000,1000000,1000000,5.25,0.8
India,Engineering & Technology,PG,Control Systems,Indian Institute of Technology Palakkad,64,2,800000,800000,1100000,1100000,5.875,0.727272727
India,Engineering & Technology,PG,Manufacturing Engineering,Indian Institute of Technology Palakkad,64,2,800000,800000,1200000,1200000,6.5,0.666666667
India,Engineering & Technology,PG,Transportation Engineering,Indian Institute of Technology Palakkad,64,2,800000,800000,1100000,1100000,5.875,0.727272727
India,Engineering & Technology,PG,Power Systems,Indian Institute of Technology Palakkad,64,2,800000,800000,1200000,1200000,6.5,0.666666667
India,Engineering & Technology,PG,Thermal Engineering,Indian Institute of Technology Palakkad,64,2,800000,800000,1200000,1200000,6.5,0.666666667
India,Engineering & Technology,PG,Structural Engineering,Indian Institute of Technology Palakkad,64,2,800000,800000,1100000,1100000,5.875,0.727272727
India,Engineering & Technology,UG,Aerospace Engineering,National Institute of Technology Delhi,65,4,1800000,1800000,2000000,2000000,4.555555556,0.9
India,Engineering & Technology,UG,Artificial Intelligence and Data Science,National Institute of Technology Delhi,65,4,1800000,1800000,2900000,2900000,7.055555556,0.620689655
India,Engineering & Technology,UG,Civil Engineering,National Institute of Technology Delhi,65,4,1800000,1800000,1600000,1600000,3.444444444,1.125
India,Engineering & Technology,UG,Computer Science and Engineering,National Institute of Technology Delhi,65,4,1800000,1800000,2700000,2700000,6.5,0.666666667
India,Engineering & Technology,UG,Electrical Engineering,National Institute of Technology Delhi,65,4,1800000,1800000,2400000,2400000,5.666666667,0.75
India,Engineering & Technology,UG,Electronics and Communication Engineering,National Institute of Technology Delhi,65,4,1800000,1800000,2200000,2200000,5.111111111,0.818181818
India,Engineering & Technology,UG,Mechanical Engineering,National Institute of Technology Delhi,65,4,1800000,1800000,1900000,1900000,4.277777778,0.947368421
India,Engineering & Technology,UG,VLSI Design and Technology,National Institute of Technology Delhi,65,4,1800000,1800000,2300000,2300000,5.388888889,0.782608696
India,Engineering & Technology,PG,Computer Science and Engineering,National Institute of Technology Delhi,65,2,800000,800000,1400000,1400000,7.75,0.571428571
India,Engineering & Technology,PG,Artificial Intelligence,National Institute of Technology Delhi,65,2,800000,800000,1600000,1600000,9,0.5
India,Engineering & Technology,PG,Thermal Engineering,National Institute of Technology Delhi,65,2,800000,800000,800000,800000,4,1
India,Engineering & Technology,PG,Microelectronics,National Institute of Technology Delhi,65,2,800000,800000,1600000,1600000,9,0.5
India,Engineering & Technology,PG,Transportation Engineering,National Institute of Technology Delhi,65,2,800000,800000,800000,800000,4,1
India,Engineering & Technology,PG,Control Systems,National Institute of Technology Delhi,65,2,800000,800000,800000,800000,4,1
India,Engineering & Technology,PG,Environmental Engineering,National Institute of Technology Delhi,65,2,800000,800000,800000,800000,4,1
India,Engineering & Technology,PG,Power Systems,National Institute of Technology Delhi,65,2,800000,800000,700000,700000,3.375,1.142857143
India,Engineering & Technology,PG,Material Science and Engineering,National Institute of Technology Delhi,65,2,800000,800000,700000,700000,3.375,1.142857143
India,Engineering & Technology,PG,Data Science,National Institute of Technology Delhi,65,2,800000,800000,1500000,1500000,8.375,0.533333333
India,Engineering & Technology,PG,Machine Design,National Institute of Technology Delhi,65,2,800000,800000,800000,800000,4,1
India,Engineering & Technology,PG,Structural Engineering,National Institute of Technology Delhi,65,2,800000,800000,900000,900000,4.625,0.888888889
India,Engineering & Technology,PG,Manufacturing Engineering,National Institute of Technology Delhi,65,2,800000,800000,900000,900000,4.625,0.888888889
India,Engineering & Technology,PG,Communication Engineering,National Institute of Technology Delhi,65,2,800000,800000,1600000,1600000,9,0.5
India,Engineering & Technology,PG,Information Security,National Institute of Technology Delhi,65,2,800000,800000,1700000,1700000,9.625,0.470588235
India,Engineering & Technology,UG,Artificial Intelligence,Sardar Vallabhbhai National Institute of Technology,66,4,1800000,1800000,1300000,1300000,2.611111111,1.384615385
India,Engineering & Technology,UG,Artificial Intelligence,Sardar Vallabhbhai National Institute of Technology,66,5,1800000,1800000,1300000,1300000,2.611111111,1.384615385
India,Engineering & Technology,UG,Chemical Engineering,Sardar Vallabhbhai National Institute of Technology,66,4,1800000,1800000,800000,800000,1.222222222,2.25
India,Engineering & Technology,UG,Chemistry,Sardar Vallabhbhai National Institute of Technology,66,5,1800000,1800000,700000,700000,0.944444444,2.571428571
India,Engineering & Technology,UG,Civil Engineering,Sardar Vallabhbhai National Institute of Technology,66,4,1800000,1800000,700000,700000,0.944444444,2.571428571
India,Engineering & Technology,UG,Computer Science and Engineering,Sardar Vallabhbhai National Institute of Technology,66,4,1800000,1800000,1300000,1300000,2.611111111,1.384615385
India,Engineering & Technology,UG,Electrical Engineering,Sardar Vallabhbhai National Institute of Technology,66,4,1800000,1800000,1100000,1100000,2.055555556,1.636363636
India,Engineering & Technology,UG,Electronics and Communication Engineering,Sardar Vallabhbhai National Institute of Technology,66,4,1800000,1800000,1100000,1100000,2.055555556,1.636363636
India,Engineering & Technology,UG,Electronics and VLSI Engineering,Sardar Vallabhbhai National Institute of Technology,66,4,1800000,1800000,1100000,1100000,2.055555556,1.636363636
India,Engineering & Technology,UG,Engineering Physics,Sardar Vallabhbhai National Institute of Technology,66,4,1800000,1800000,700000,700000,0.944444444,2.571428571
India,Engineering & Technology,UG,Industrial Chemistry,Sardar Vallabhbhai National Institute of Technology,66,4,1800000,1800000,700000,700000,0.944444444,2.571428571
India,Engineering & Technology,UG,Mathematics,Sardar Vallabhbhai National Institute of Technology,66,5,1800000,1800000,700000,700000,0.944444444,2.571428571
India,Engineering & Technology,UG,Mathematics and Computing,Sardar Vallabhbhai National Institute of Technology,66,4,1800000,1800000,1400000,1400000,2.888888889,1.285714286
India,Engineering & Technology,UG,Mechanical Engineering,Sardar Vallabhbhai National Institute of Technology,66,4,1800000,1800000,900000,900000,1.5,2
India,Engineering & Technology,UG,Physics,Sardar Vallabhbhai National Institute of Technology,66,5,1800000,1800000,700000,700000,0.944444444,2.571428571
India,Engineering & Technology,PG,Manufacturing Engineering,Sardar Vallabhbhai National Institute of Technology,66,2,800000,800000,800000,800000,4,1
India,Engineering & Technology,PG,Control Systems,Sardar Vallabhbhai National Institute of Technology,66,2,800000,800000,900000,900000,4.625,0.888888889
India,Engineering & Technology,PG,Artificial Intelligence,Sardar Vallabhbhai National Institute of Technology,66,2,800000,800000,1500000,1500000,8.375,0.533333333
India,Engineering & Technology,PG,Microelectronics,Sardar Vallabhbhai National Institute of Technology,66,2,800000,800000,1500000,1500000,8.375,0.533333333
India,Engineering & Technology,PG,VLSI Design,Sardar Vallabhbhai National Institute of Technology,66,2,800000,800000,1600000,1600000,9,0.5
India,Engineering & Technology,PG,Power Systems,Sardar Vallabhbhai National Institute of Technology,66,2,800000,800000,800000,800000,4,1
India,Engineering & Technology,PG,Thermal Engineering,Sardar Vallabhbhai National Institute of Technology,66,2,800000,800000,800000,800000,4,1
India,Engineering & Technology,PG,Computer Science and Engineering,Sardar Vallabhbhai National Institute of Technology,66,2,800000,800000,1600000,1600000,9,0.5
India,Engineering & Technology,PG,Transportation Engineering,Sardar Vallabhbhai National Institute of Technology,66,2,800000,800000,900000,900000,4.625,0.888888889
India,Engineering & Technology,PG,Material Science and Engineering,Sardar Vallabhbhai National Institute of Technology,66,2,800000,800000,800000,800000,4,1
India,Engineering & Technology,PG,Data Science,Sardar Vallabhbhai National Institute of Technology,66,2,800000,800000,1700000,1700000,9.625,0.470588235
India,Engineering & Technology,PG,Structural Engineering,Sardar Vallabhbhai National Institute of Technology,66,2,800000,800000,700000,700000,3.375,1.142857143
India,Engineering & Technology,PG,Environmental Engineering,Sardar Vallabhbhai National Institute of Technology,66,2,800000,800000,900000,900000,4.625,0.888888889
India,Engineering & Technology,UG,Electrical Engineering,PSG College of Technology,67,4,1800000,1800000,400000,400000,0.111111111,4.5
India,Engineering & Technology,UG,Civil Engineering,PSG College of Technology,67,4,1800000,1800000,300000,300000,-0.166666667,6
India,Engineering & Technology,UG,Computer Science and Engineering,PSG College of Technology,67,4,1800000,1800000,600000,600000,0.666666667,3
India,Engineering & Technology,UG,Electronics and Communication Engineering,PSG College of Technology,67,4,1800000,1800000,500000,500000,0.388888889,3.6
India,Engineering & Technology,UG,Mechanical Engineering,PSG College of Technology,67,4,1800000,1800000,300000,300000,-0.166666667,6
India,Engineering & Technology,UG,Information Technology,PSG College of Technology,67,4,1800000,1800000,600000,600000,0.666666667,3
India,Engineering & Technology,PG,Material Science and Engineering,PSG College of Technology,67,2,800000,800000,400000,400000,1.5,2
India,Engineering & Technology,PG,Biotechnology,PSG College of Technology,67,2,800000,800000,400000,400000,1.5,2
India,Engineering & Technology,PG,Environmental Engineering,PSG College of Technology,67,2,800000,800000,400000,400000,1.5,2
India,Engineering & Technology,PG,Structural Engineering,PSG College of Technology,67,2,800000,800000,400000,400000,1.5,2
India,Engineering & Technology,PG,Information Security,PSG College of Technology,67,2,800000,800000,800000,800000,4,1
India,Engineering & Technology,PG,Control Systems,PSG College of Technology,67,2,800000,800000,500000,500000,2.125,1.6
India,Engineering & Technology,PG,Transportation Engineering,PSG College of Technology,67,2,800000,800000,400000,400000,1.5,2
India,Engineering & Technology,PG,Chemical Engineering,PSG College of Technology,67,2,800000,800000,500000,500000,2.125,1.6
India,Engineering & Technology,PG,Data Science,PSG College of Technology,67,2,800000,800000,800000,800000,4,1
India,Engineering & Technology,PG,Thermal Engineering,PSG College of Technology,67,2,800000,800000,400000,400000,1.5,2
India,Engineering & Technology,PG,Microelectronics,PSG College of Technology,67,2,800000,800000,700000,700000,3.375,1.142857143
India,Engineering & Technology,PG,Computer Science and Engineering,PSG College of Technology,67,2,800000,800000,800000,800000,4,1
India,Engineering & Technology,UG,Electronics and Communication Engineering,Sathyabama Institute of Science and Technology,67,4,1800000,1800000,500000,500000,0.388888889,3.6
India,Engineering & Technology,UG,Information Technology,Sathyabama Institute of Science and Technology,67,4,1800000,1800000,600000,600000,0.666666667,3
India,Engineering & Technology,UG,Civil Engineering,Sathyabama Institute of Science and Technology,67,4,1800000,1800000,300000,300000,-0.166666667,6
India,Engineering & Technology,UG,Electrical Engineering,Sathyabama Institute of Science and Technology,67,4,1800000,1800000,400000,400000,0.111111111,4.5
India,Engineering & Technology,UG,Computer Science and Engineering,Sathyabama Institute of Science and Technology,67,4,1800000,1800000,600000,600000,0.666666667,3
India,Engineering & Technology,UG,Mechanical Engineering,Sathyabama Institute of Science and Technology,67,4,1800000,1800000,300000,300000,-0.166666667,6
India,Engineering & Technology,PG,Artificial Intelligence,Sathyabama Institute of Science and Technology,67,2,800000,800000,800000,800000,4,1
India,Engineering & Technology,PG,Information Security,Sathyabama Institute of Science and Technology,67,2,800000,800000,800000,800000,4,1
India,Engineering & Technology,PG,Material Science and Engineering,Sathyabama Institute of Science and Technology,67,2,800000,800000,400000,400000,1.5,2
India,Engineering & Technology,PG,Power Systems,Sathyabama Institute of Science and Technology,67,2,800000,800000,400000,400000,1.5,2
India,Engineering & Technology,PG,Thermal Engineering,Sathyabama Institute of Science and Technology,67,2,800000,800000,500000,500000,2.125,1.6
India,Engineering & Technology,PG,Computer Science and Engineering,Sathyabama Institute of Science and Technology,67,2,800000,800000,700000,700000,3.375,1.142857143
India,Engineering & Technology,PG,Data Science,Sathyabama Institute of Science and Technology,67,2,800000,800000,900000,900000,4.625,0.888888889
India,Engineering & Technology,PG,Environmental Engineering,Sathyabama Institute of Science and Technology,67,2,800000,800000,500000,500000,2.125,1.6
India,Engineering & Technology,PG,Machine Design,Sathyabama Institute of Science and Technology,67,2,800000,800000,400000,400000,1.5,2
India,Engineering & Technology,PG,Chemical Engineering,Sathyabama Institute of Science and Technology,67,2,800000,800000,400000,400000,1.5,2
India,Engineering & Technology,PG,Control Systems,Sathyabama Institute of Science and Technology,67,2,800000,800000,400000,400000,1.5,2
India,Engineering & Technology,PG,Communication Engineering,Sathyabama Institute of Science and Technology,67,2,800000,800000,800000,800000,4,1
India,Engineering & Technology,PG,Transportation Engineering,Sathyabama Institute of Science and Technology,67,2,800000,800000,400000,400000,1.5,2
India,Engineering & Technology,PG,Biotechnology,Sathyabama Institute of Science and Technology,67,2,800000,800000,400000,400000,1.5,2
India,Engineering & Technology,PG,Computer Science and Engineering,International Institute of Information Technology Bangalore,69,5,800000,800000,2800000,2800000,16.5,0.285714286
India,Engineering & Technology,PG,Electronics and Communication Engineering,International Institute of Information Technology Bangalore,69,5,800000,800000,2100000,2100000,12.125,0.380952381
India,Engineering & Technology,PG,Manufacturing Engineering,International Institute of Information Technology Bangalore,69,2,800000,800000,400000,400000,1.5,2
India,Engineering & Technology,PG,Control Systems,International Institute of Information Technology Bangalore,69,2,800000,800000,500000,500000,2.125,1.6
India,Engineering & Technology,PG,Information Security,International Institute of Information Technology Bangalore,69,2,800000,800000,700000,700000,3.375,1.142857143
India,Engineering & Technology,PG,Computer Science and Engineering,International Institute of Information Technology Bangalore,69,2,800000,800000,800000,800000,4,1
India,Engineering & Technology,PG,Material Science and Engineering,International Institute of Information Technology Bangalore,69,2,800000,800000,300000,300000,0.875,2.666666667
India,Engineering & Technology,PG,Artificial Intelligence,International Institute of Information Technology Bangalore,69,2,800000,800000,900000,900000,4.625,0.888888889
India,Engineering & Technology,PG,Environmental Engineering,International Institute of Information Technology Bangalore,69,2,800000,800000,400000,400000,1.5,2
India,Engineering & Technology,PG,Microelectronics,International Institute of Information Technology Bangalore,69,2,800000,800000,700000,700000,3.375,1.142857143
India,Engineering & Technology,PG,Transportation Engineering,International Institute of Information Technology Bangalore,69,2,800000,800000,500000,500000,2.125,1.6
India,Engineering & Technology,PG,Power Systems,International Institute of Information Technology Bangalore,69,2,800000,800000,400000,400000,1.5,2
India,Engineering & Technology,PG,Thermal Engineering,International Institute of Information Technology Bangalore,69,2,800000,800000,400000,400000,1.5,2
India,Engineering & Technology,PG,Chemical Engineering,International Institute of Information Technology Bangalore,69,2,800000,800000,400000,400000,1.5,2
India,Engineering & Technology,PG,Structural Engineering,International Institute of Information Technology Bangalore,69,2,800000,800000,400000,400000,1.5,2
India,Engineering & Technology,PG,Communication Engineering,International Institute of Information Technology Bangalore,69,2,800000,800000,700000,700000,3.375,1.142857143
India,Engineering & Technology,PG,Data Science,International Institute of Information Technology Bangalore,69,2,800000,800000,900000,900000,4.625,0.888888889
India,Engineering & Technology,UG,Computer Science and Engineering,Netaji Subhas University of Technology (NSUT),70,4,1800000,1800000,2000000,2000000,4.555555556,0.9
India,Engineering & Technology,UG,Mechanical Engineering,Netaji Subhas University of Technology (NSUT),70,4,1800000,1800000,1100000,1100000,2.055555556,1.636363636
India,Engineering & Technology,UG,Biotechnology,Netaji Subhas University of Technology (NSUT),70,4,1800000,1800000,900000,900000,1.5,2
India,Engineering & Technology,UG,Instrumentation and Control Engineering,Netaji Subhas University of Technology (NSUT),70,4,1800000,1800000,1200000,1200000,2.333333333,1.5
India,Engineering & Technology,UG,Information Technology (Network and Information Security),Netaji Subhas University of Technology (NSUT),70,4,1800000,1800000,1900000,1900000,4.277777778,0.947368421
India,Engineering & Technology,UG,Electrical Engineering,Netaji Subhas University of Technology (NSUT),70,4,1800000,1800000,1400000,1400000,2.888888889,1.285714286
India,Engineering & Technology,UG,Computer Science and Engineering (Artificial Intelligence),Netaji Subhas University of Technology (NSUT),70,4,1800000,1800000,2200000,2200000,5.111111111,0.818181818
India,Engineering & Technology,UG,Computer Science and Engineering (Data Science),Netaji Subhas University of Technology (NSUT),70,4,1800000,1800000,2000000,2000000,4.555555556,0.9
India,Engineering & Technology,UG,Information Technology,Netaji Subhas University of Technology (NSUT),70,4,1800000,1800000,1900000,1900000,4.277777778,0.947368421
India,Engineering & Technology,UG,Electronics and Communication Engineering,Netaji Subhas University of Technology (NSUT),70,4,1800000,1800000,1600000,1600000,3.444444444,1.125
India,Engineering & Technology,PG,Material Science and Engineering,Netaji Subhas University of Technology (NSUT),70,2,800000,800000,400000,400000,1.5,2
India,Engineering & Technology,PG,Control Systems,Netaji Subhas University of Technology (NSUT),70,2,800000,800000,500000,500000,2.125,1.6
India,Engineering & Technology,PG,Thermal Engineering,Netaji Subhas University of Technology (NSUT),70,2,800000,800000,700000,700000,3.375,1.142857143
India,Engineering & Technology,PG,Microelectronics,Netaji Subhas University of Technology (NSUT),70,2,800000,800000,1100000,1100000,5.875,0.727272727
India,Engineering & Technology,PG,Environmental Engineering,Netaji Subhas University of Technology (NSUT),70,2,800000,800000,600000,600000,2.75,1.333333333
India,Engineering & Technology,PG,Structural Engineering,Netaji Subhas University of Technology (NSUT),70,2,800000,800000,600000,600000,2.75,1.333333333
India,Engineering & Technology,PG,Information Security,Netaji Subhas University of Technology (NSUT),70,2,800000,800000,1100000,1100000,5.875,0.727272727
India,Engineering & Technology,PG,VLSI Design,Netaji Subhas University of Technology (NSUT),70,2,800000,800000,1000000,1000000,5.25,0.8
India,Engineering & Technology,PG,Computer Science and Engineering,Netaji Subhas University of Technology (NSUT),70,2,800000,800000,1100000,1100000,5.875,0.727272727
India,Engineering & Technology,PG,Communication Engineering,Netaji Subhas University of Technology (NSUT),70,2,800000,800000,1100000,1100000,5.875,0.727272727
India,Engineering & Technology,UG,Electronics and Communication Engineering,Banasthali Vidyapith,71,4,1800000,1800000,500000,500000,0.388888889,3.6
India,Engineering & Technology,UG,Civil Engineering,Banasthali Vidyapith,71,4,1800000,1800000,300000,300000,-0.166666667,6
India,Engineering & Technology,UG,Computer Science and Engineering,Banasthali Vidyapith,71,4,1800000,1800000,600000,600000,0.666666667,3
India,Engineering & Technology,UG,Electrical Engineering,Banasthali Vidyapith,71,4,1800000,1800000,400000,400000,0.111111111,4.5
India,Engineering & Technology,UG,Mechanical Engineering,Banasthali Vidyapith,71,4,1800000,1800000,300000,300000,-0.166666667,6
India,Engineering & Technology,UG,Information Technology,Banasthali Vidyapith,71,4,1800000,1800000,600000,600000,0.666666667,3
India,Engineering & Technology,PG,Computer Science and Engineering,Banasthali Vidyapith,71,2,800000,800000,800000,800000,4,1
India,Engineering & Technology,PG,Transportation Engineering,Banasthali Vidyapith,71,2,800000,800000,400000,400000,1.5,2
India,Engineering & Technology,PG,Manufacturing Engineering,Banasthali Vidyapith,71,2,800000,800000,400000,400000,1.5,2
India,Engineering & Technology,PG,Microelectronics,Banasthali Vidyapith,71,2,800000,800000,700000,700000,3.375,1.142857143
India,Engineering & Technology,PG,Control Systems,Banasthali Vidyapith,71,2,800000,800000,400000,400000,1.5,2
India,Engineering & Technology,PG,Information Security,Banasthali Vidyapith,71,2,800000,800000,1000000,1000000,5.25,0.8
India,Engineering & Technology,PG,Environmental Engineering,Banasthali Vidyapith,71,2,800000,800000,400000,400000,1.5,2
India,Engineering & Technology,PG,Thermal Engineering,Banasthali Vidyapith,71,2,800000,800000,400000,400000,1.5,2
India,Engineering & Technology,PG,Material Science and Engineering,Banasthali Vidyapith,71,2,800000,800000,300000,300000,0.875,2.666666667
India,Engineering & Technology,PG,Machine Design,Banasthali Vidyapith,71,2,800000,800000,400000,400000,1.5,2
India,Engineering & Technology,PG,Structural Engineering,Banasthali Vidyapith,71,2,800000,800000,400000,400000,1.5,2
India,Engineering & Technology,PG,Artificial Intelligence,Banasthali Vidyapith,71,2,800000,800000,700000,700000,3.375,1.142857143
India,Engineering & Technology,PG,Power Systems,Banasthali Vidyapith,71,2,800000,800000,400000,400000,1.5,2
India,Engineering & Technology,UG,Computer Science and Engineering,Indian Institute of Technology Bhilai,72,4,1800000,1800000,1000000,1000000,1.777777778,1.8
India,Engineering & Technology,UG,Data Science and Artificial Intelligence,Indian Institute of Technology Bhilai,72,4,1800000,1800000,1000000,1000000,1.777777778,1.8
India,Engineering & Technology,UG,Electrical Engineering,Indian Institute of Technology Bhilai,72,4,1800000,1800000,900000,900000,1.5,2
India,Engineering & Technology,UG,Electronics and Communication Engineering,Indian Institute of Technology Bhilai,72,4,1800000,1800000,900000,900000,1.5,2
India,Engineering & Technology,UG,Materials Science and Metallurgical Engineering,Indian Institute of Technology Bhilai,72,4,1800000,1800000,600000,600000,0.666666667,3
India,Engineering & Technology,UG,Mechanical Engineering,Indian Institute of Technology Bhilai,72,4,1800000,1800000,700000,700000,0.944444444,2.571428571
India,Engineering & Technology,UG,Mechatronics Engineering,Indian Institute of Technology Bhilai,72,4,1800000,1800000,700000,700000,0.944444444,2.571428571
India,Engineering & Technology,PG,Microelectronics,Indian Institute of Technology Bhilai,72,2,800000,800000,2300000,2300000,13.375,0.347826087
India,Engineering & Technology,PG,Material Science and Engineering,Indian Institute of Technology Bhilai,72,2,800000,800000,1000000,1000000,5.25,0.8
India,Engineering & Technology,PG,Biotechnology,Indian Institute of Technology Bhilai,72,2,800000,800000,1100000,1100000,5.875,0.727272727
India,Engineering & Technology,PG,Communication Engineering,Indian Institute of Technology Bhilai,72,2,800000,800000,2300000,2300000,13.375,0.347826087
India,Engineering & Technology,PG,Chemical Engineering,Indian Institute of Technology Bhilai,72,2,800000,800000,1400000,1400000,7.75,0.571428571
India,Engineering & Technology,PG,Transportation Engineering,Indian Institute of Technology Bhilai,72,2,800000,800000,1100000,1100000,5.875,0.727272727
India,Engineering & Technology,PG,Artificial Intelligence,Indian Institute of Technology Bhilai,72,2,800000,800000,2300000,2300000,13.375,0.347826087
India,Engineering & Technology,PG,Structural Engineering,Indian Institute of Technology Bhilai,72,2,800000,800000,1100000,1100000,5.875,0.727272727
India,Engineering & Technology,PG,Computer Science and Engineering,Indian Institute of Technology Bhilai,72,2,800000,800000,2300000,2300000,13.375,0.347826087
India,Engineering & Technology,UG,Chemical Engineering,National Institute of Technology Srinagar,73,4,1800000,1800000,600000,600000,0.666666667,3
India,Engineering & Technology,UG,Civil Engineering,National Institute of Technology Srinagar,73,4,1800000,1800000,600000,600000,0.666666667,3
India,Engineering & Technology,UG,Computer Science and Engineering,National Institute of Technology Srinagar,73,4,1800000,1800000,1000000,1000000,1.777777778,1.8
India,Engineering & Technology,UG,Electrical Engineering,National Institute of Technology Srinagar,73,4,1800000,1800000,900000,900000,1.5,2
India,Engineering & Technology,UG,Electronics and Communication Engineering,National Institute of Technology Srinagar,73,4,1800000,1800000,800000,800000,1.222222222,2.25
India,Engineering & Technology,UG,Information Technology,National Institute of Technology Srinagar,73,4,1800000,1800000,1000000,1000000,1.777777778,1.8
India,Engineering & Technology,UG,Mechanical Engineering,National Institute of Technology Srinagar,73,4,1800000,1800000,700000,700000,0.944444444,2.571428571
India,Engineering & Technology,UG,Metallurgical and Materials Engineering,National Institute of Technology Srinagar,73,4,1800000,1800000,600000,600000,0.666666667,3
India,Engineering & Technology,PG,Chemical Engineering,National Institute of Technology Srinagar,73,2,800000,800000,700000,700000,3.375,1.142857143
India,Engineering & Technology,PG,Information Security,National Institute of Technology Srinagar,73,2,800000,800000,1500000,1500000,8.375,0.533333333
India,Engineering & Technology,PG,Environmental Engineering,National Institute of Technology Srinagar,73,2,800000,800000,700000,700000,3.375,1.142857143
India,Engineering & Technology,PG,VLSI Design,National Institute of Technology Srinagar,73,2,800000,800000,1600000,1600000,9,0.5
India,Engineering & Technology,PG,Transportation Engineering,National Institute of Technology Srinagar,73,2,800000,800000,700000,700000,3.375,1.142857143
India,Engineering & Technology,PG,Computer Science and Engineering,National Institute of Technology Srinagar,73,2,800000,800000,1400000,1400000,7.75,0.571428571
India,Engineering & Technology,PG,Data Science,National Institute of Technology Srinagar,73,2,800000,800000,1800000,1800000,10.25,0.444444444
India,Engineering & Technology,PG,Artificial Intelligence,National Institute of Technology Srinagar,73,2,800000,800000,1600000,1600000,9,0.5
India,Engineering & Technology,PG,Control Systems,National Institute of Technology Srinagar,73,2,800000,800000,800000,800000,4,1
India,Engineering & Technology,PG,Biotechnology,National Institute of Technology Srinagar,73,2,800000,800000,600000,600000,2.75,1.333333333
India,Engineering & Technology,PG,Material Science and Engineering,National Institute of Technology Srinagar,73,2,800000,800000,700000,700000,3.375,1.142857143
India,Engineering & Technology,PG,Communication Engineering,National Institute of Technology Srinagar,73,2,800000,800000,1400000,1400000,7.75,0.571428571
India,Engineering & Technology,PG,Microelectronics,National Institute of Technology Srinagar,73,2,800000,800000,1200000,1200000,6.5,0.666666667
India,Engineering & Technology,PG,Manufacturing Engineering,National Institute of Technology Srinagar,73,2,800000,800000,700000,700000,3.375,1.142857143
India,Engineering & Technology,PG,Machine Design,National Institute of Technology Srinagar,73,2,800000,800000,900000,900000,4.625,0.888888889
India,Engineering & Technology,PG,Computer Science and Engineering ,University of Hyderabad,74,5,800000,800000,700000,700000,3.375,1.142857143
India,Engineering & Technology,PG,Materials Engineering,University of Hyderabad,74,5,800000,800000,400000,400000,1.5,2
India,Engineering & Technology,PG,Microelectronics,University of Hyderabad,74,2,800000,800000,700000,700000,3.375,1.142857143
India,Engineering & Technology,PG,Artificial Intelligence,University of Hyderabad,74,2,800000,800000,800000,800000,4,1
India,Engineering & Technology,PG,Control Systems,University of Hyderabad,74,2,800000,800000,500000,500000,2.125,1.6
India,Engineering & Technology,PG,Computer Science and Engineering,University of Hyderabad,74,2,800000,800000,800000,800000,4,1
India,Engineering & Technology,PG,Environmental Engineering,University of Hyderabad,74,2,800000,800000,400000,400000,1.5,2
India,Engineering & Technology,PG,VLSI Design,University of Hyderabad,74,2,800000,800000,700000,700000,3.375,1.142857143
India,Engineering & Technology,PG,Transportation Engineering,University of Hyderabad,74,2,800000,800000,400000,400000,1.5,2
India,Engineering & Technology,PG,Thermal Engineering,University of Hyderabad,74,2,800000,800000,500000,500000,2.125,1.6
India,Engineering & Technology,PG,Material Science and Engineering,University of Hyderabad,74,2,800000,800000,300000,300000,0.875,2.666666667
India,Engineering & Technology,PG,Structural Engineering,University of Hyderabad,74,2,800000,800000,500000,500000,2.125,1.6
India,Engineering & Technology,PG,Data Science,University of Hyderabad,74,2,800000,800000,700000,700000,3.375,1.142857143
India,Engineering & Technology,PG,Machine Design,University of Hyderabad,74,2,800000,800000,400000,400000,1.5,2
India,Engineering & Technology,PG,Biotechnology,University of Hyderabad,74,2,800000,800000,400000,400000,1.5,2
India,Engineering & Technology,PG,Power Systems,University of Hyderabad,74,2,800000,800000,300000,300000,0.875,2.666666667
India,Engineering & Technology,PG,Manufacturing Engineering,University of Hyderabad,74,2,800000,800000,400000,400000,1.5,2
India,Engineering & Technology,UG,Computer Science and Engineering,M. S. Ramaiah Institute of Technology,75,4,1800000,1800000,600000,600000,0.666666667,3
India,Engineering & Technology,UG,Mechanical Engineering,M. S. Ramaiah Institute of Technology,75,4,1800000,1800000,300000,300000,-0.166666667,6
India,Engineering & Technology,UG,Civil Engineering,M. S. Ramaiah Institute of Technology,75,4,1800000,1800000,300000,300000,-0.166666667,6
India,Engineering & Technology,UG,Electronics and Communication Engineering,M. S. Ramaiah Institute of Technology,75,4,1800000,1800000,500000,500000,0.388888889,3.6
India,Engineering & Technology,UG,Electrical Engineering,M. S. Ramaiah Institute of Technology,75,4,1800000,1800000,400000,400000,0.111111111,4.5
India,Engineering & Technology,UG,Information Technology,M. S. Ramaiah Institute of Technology,75,4,1800000,1800000,600000,600000,0.666666667,3
India,Engineering & Technology,PG,Computer Science and Engineering,M. S. Ramaiah Institute of Technology,75,2,800000,800000,900000,900000,4.625,0.888888889
India,Engineering & Technology,PG,Material Science and Engineering,M. S. Ramaiah Institute of Technology,75,2,800000,800000,400000,400000,1.5,2
India,Engineering & Technology,PG,Manufacturing Engineering,M. S. Ramaiah Institute of Technology,75,2,800000,800000,300000,300000,0.875,2.666666667
India,Engineering & Technology,PG,Information Security,M. S. Ramaiah Institute of Technology,75,2,800000,800000,800000,800000,4,1
India,Engineering & Technology,PG,Structural Engineering,M. S. Ramaiah Institute of Technology,75,2,800000,800000,400000,400000,1.5,2
India,Engineering & Technology,PG,Chemical Engineering,M. S. Ramaiah Institute of Technology,75,2,800000,800000,400000,400000,1.5,2
India,Engineering & Technology,PG,Control Systems,M. S. Ramaiah Institute of Technology,75,2,800000,800000,400000,400000,1.5,2
India,Engineering & Technology,PG,Microelectronics,M. S. Ramaiah Institute of Technology,75,2,800000,800000,700000,700000,3.375,1.142857143
India,Engineering & Technology,PG,Transportation Engineering,M. S. Ramaiah Institute of Technology,75,2,800000,800000,500000,500000,2.125,1.6
India,Engineering & Technology,PG,Machine Design,M. S. Ramaiah Institute of Technology,75,2,800000,800000,400000,400000,1.5,2
India,Engineering & Technology,PG,Communication Engineering,M. S. Ramaiah Institute of Technology,75,2,800000,800000,700000,700000,3.375,1.142857143
India,Engineering & Technology,PG,Power Systems,M. S. Ramaiah Institute of Technology,75,2,800000,800000,400000,400000,1.5,2
India,Engineering & Technology,PG,Artificial Intelligence,M. S. Ramaiah Institute of Technology,75,2,800000,800000,700000,700000,3.375,1.142857143
India,Engineering & Technology,PG,Thermal Engineering,M. S. Ramaiah Institute of Technology,75,2,800000,800000,400000,400000,1.5,2
India,Engineering & Technology,UG,Computer Science and Engineering,Christ University,76,4,1800000,1800000,600000,600000,0.666666667,3
India,Engineering & Technology,UG,Electronics and Communication Engineering,Christ University,76,4,1800000,1800000,500000,500000,0.388888889,3.6
India,Engineering & Technology,UG,Civil Engineering,Christ University,76,4,1800000,1800000,300000,300000,-0.166666667,6
India,Engineering & Technology,UG,Mechanical Engineering,Christ University,76,4,1800000,1800000,300000,300000,-0.166666667,6
India,Engineering & Technology,UG,Electrical Engineering,Christ University,76,4,1800000,1800000,400000,400000,0.111111111,4.5
India,Engineering & Technology,UG,Information Technology,Christ University,76,4,1800000,1800000,600000,600000,0.666666667,3
India,Engineering & Technology,PG,Biotechnology,Christ University,76,2,800000,800000,400000,400000,1.5,2
India,Engineering & Technology,PG,VLSI Design,Christ University,76,2,800000,800000,900000,900000,4.625,0.888888889
India,Engineering & Technology,PG,Information Security,Christ University,76,2,800000,800000,900000,900000,4.625,0.888888889
India,Engineering & Technology,PG,Data Science,Christ University,76,2,800000,800000,800000,800000,4,1
India,Engineering & Technology,PG,Artificial Intelligence,Christ University,76,2,800000,800000,800000,800000,4,1
India,Engineering & Technology,PG,Structural Engineering,Christ University,76,2,800000,800000,400000,400000,1.5,2
India,Engineering & Technology,PG,Microelectronics,Christ University,76,2,800000,800000,700000,700000,3.375,1.142857143
India,Engineering & Technology,PG,Computer Science and Engineering,Christ University,76,2,800000,800000,800000,800000,4,1
India,Engineering & Technology,PG,Material Science and Engineering,Christ University,76,2,800000,800000,400000,400000,1.5,2
India,Engineering & Technology,PG,Thermal Engineering,Christ University,76,2,800000,800000,500000,500000,2.125,1.6
India,Engineering & Technology,PG,Environmental Engineering,Christ University,76,2,800000,800000,300000,300000,0.875,2.666666667
India,Engineering & Technology,PG,Chemical Engineering,Christ University,76,2,800000,800000,300000,300000,0.875,2.666666667
India,Engineering & Technology,PG,Control Systems,Christ University,76,2,800000,800000,500000,500000,2.125,1.6
India,Engineering & Technology,UG,Chemical and Biochemical Engineering,Indian Institute of Technology Dharwad,77,4,1800000,1800000,600000,600000,0.666666667,3
India,Engineering & Technology,UG,Civil and Infrastructure Engineering,Indian Institute of Technology Dharwad,77,4,1800000,1800000,600000,600000,0.666666667,3
India,Engineering & Technology,UG,Computer Science and Engineering,Indian Institute of Technology Dharwad,77,4,1800000,1800000,1000000,1000000,1.777777778,1.8
India,Engineering & Technology,UG,Electrical and Electronics Engineering,Indian Institute of Technology Dharwad,77,4,1800000,1800000,800000,800000,1.222222222,2.25
India,Engineering & Technology,UG,Electronics and Communication Engineering,Indian Institute of Technology Dharwad,77,4,1800000,1800000,800000,800000,1.222222222,2.25
India,Engineering & Technology,UG,Engineering Physics,Indian Institute of Technology Dharwad,77,4,1800000,1800000,600000,600000,0.666666667,3
India,Engineering & Technology,UG,Interdisciplinary Sciences ,Indian Institute of Technology Dharwad,77,5,1800000,1800000,500000,500000,0.388888889,3.6
India,Engineering & Technology,UG,Mathematics and Computing,Indian Institute of Technology Dharwad,77,4,1800000,1800000,1000000,1000000,1.777777778,1.8
India,Engineering & Technology,UG,Mechanical Engineering,Indian Institute of Technology Dharwad,77,4,1800000,1800000,700000,700000,0.944444444,2.571428571
India,Engineering & Technology,UG,Data Science and Artificial Intelligence,Indian Institute of Technology Dharwad,77,4,1800000,1800000,1000000,1000000,1.777777778,1.8
India,Engineering & Technology,PG,Environmental Engineering,Indian Institute of Technology Dharwad,77,2,800000,800000,1200000,1200000,6.5,0.666666667
India,Engineering & Technology,PG,Control Systems,Indian Institute of Technology Dharwad,77,2,800000,800000,1100000,1100000,5.875,0.727272727
India,Engineering & Technology,PG,Structural Engineering,Indian Institute of Technology Dharwad,77,2,800000,800000,1300000,1300000,7.125,0.615384615
India,Engineering & Technology,PG,Manufacturing Engineering,Indian Institute of Technology Dharwad,77,2,800000,800000,1300000,1300000,7.125,0.615384615
India,Engineering & Technology,PG,Material Science and Engineering,Indian Institute of Technology Dharwad,77,2,800000,800000,1200000,1200000,6.5,0.666666667
India,Engineering & Technology,PG,Chemical Engineering,Indian Institute of Technology Dharwad,77,2,800000,800000,1200000,1200000,6.5,0.666666667
India,Engineering & Technology,PG,Artificial Intelligence,Indian Institute of Technology Dharwad,77,2,800000,800000,2700000,2700000,15.875,0.296296296
India,Engineering & Technology,PG,Computer Science and Engineering,Indian Institute of Technology Dharwad,77,2,800000,800000,2400000,2400000,14,0.333333333
India,Engineering & Technology,PG,Microelectronics,Indian Institute of Technology Dharwad,77,2,800000,800000,2200000,2200000,12.75,0.363636364
India,Engineering & Technology,UG,Electronics and Communication Engineering,Rajiv Gandhi Institute of Petroleum Technology,78,4,1800000,1800000,500000,500000,0.388888889,3.6
India,Engineering & Technology,UG,Mechanical Engineering,Rajiv Gandhi Institute of Petroleum Technology,78,4,1800000,1800000,300000,300000,-0.166666667,6
India,Engineering & Technology,UG,Electrical Engineering,Rajiv Gandhi Institute of Petroleum Technology,78,4,1800000,1800000,400000,400000,0.111111111,4.5
India,Engineering & Technology,UG,Civil Engineering,Rajiv Gandhi Institute of Petroleum Technology,78,4,1800000,1800000,300000,300000,-0.166666667,6
India,Engineering & Technology,UG,Information Technology,Rajiv Gandhi Institute of Petroleum Technology,78,4,1800000,1800000,600000,600000,0.666666667,3
India,Engineering & Technology,UG,Computer Science and Engineering,Rajiv Gandhi Institute of Petroleum Technology,78,4,1800000,1800000,600000,600000,0.666666667,3
India,Engineering & Technology,PG,Communication Engineering,Rajiv Gandhi Institute of Petroleum Technology,78,2,800000,800000,800000,800000,4,1
India,Engineering & Technology,PG,Material Science and Engineering,Rajiv Gandhi Institute of Petroleum Technology,78,2,800000,800000,400000,400000,1.5,2
India,Engineering & Technology,PG,Control Systems,Rajiv Gandhi Institute of Petroleum Technology,78,2,800000,800000,400000,400000,1.5,2
India,Engineering & Technology,PG,Environmental Engineering,Rajiv Gandhi Institute of Petroleum Technology,78,2,800000,800000,400000,400000,1.5,2
India,Engineering & Technology,PG,Computer Science and Engineering,Rajiv Gandhi Institute of Petroleum Technology,78,2,800000,800000,900000,900000,4.625,0.888888889
India,Engineering & Technology,PG,Artificial Intelligence,Rajiv Gandhi Institute of Petroleum Technology,78,2,800000,800000,900000,900000,4.625,0.888888889
India,Engineering & Technology,PG,Biotechnology,Rajiv Gandhi Institute of Petroleum Technology,78,2,800000,800000,300000,300000,0.875,2.666666667
India,Engineering & Technology,PG,Manufacturing Engineering,Rajiv Gandhi Institute of Petroleum Technology,78,2,800000,800000,400000,400000,1.5,2
India,Engineering & Technology,UG,Artificial Intelligence and Data Science,Sant Longowal Institute of Engineering & Technology,79,4,1800000,1800000,700000,700000,0.944444444,2.571428571
India,Engineering & Technology,UG,Chemical Engineering,Sant Longowal Institute of Engineering & Technology,79,4,1800000,1800000,400000,400000,0.111111111,4.5
India,Engineering & Technology,UG,Chemistry,Sant Longowal Institute of Engineering & Technology,79,5,1800000,1800000,400000,400000,0.111111111,4.5
India,Engineering & Technology,UG,Civil Engineering,Sant Longowal Institute of Engineering & Technology,79,4,1800000,1800000,400000,400000,0.111111111,4.5
India,Engineering & Technology,UG,Computer Science and Engineering,Sant Longowal Institute of Engineering & Technology,79,4,1800000,1800000,700000,700000,0.944444444,2.571428571
India,Engineering & Technology,PG,Computer Science and Engineering ,Sant Longowal Institute of Engineering & Technology,79,5,800000,800000,700000,700000,3.375,1.142857143
India,Engineering & Technology,UG,Electrical Engineering,Sant Longowal Institute of Engineering & Technology,79,4,1800000,1800000,600000,600000,0.666666667,3
India,Engineering & Technology,PG,Electrical Engineering ,Sant Longowal Institute of Engineering & Technology,79,5,800000,800000,600000,600000,2.75,1.333333333
India,Engineering & Technology,UG,Electronics and Communication Engineering,Sant Longowal Institute of Engineering & Technology,79,4,1800000,1800000,600000,600000,0.666666667,3
India,Engineering & Technology,UG,Food Technology,Sant Longowal Institute of Engineering & Technology,79,4,1800000,1800000,400000,400000,0.111111111,4.5
India,Engineering & Technology,UG,Instrumentation and Control Engineering,Sant Longowal Institute of Engineering & Technology,79,4,1800000,1800000,600000,600000,0.666666667,3
India,Engineering & Technology,UG,Mathematics,Sant Longowal Institute of Engineering & Technology,79,5,1800000,1800000,400000,400000,0.111111111,4.5
India,Engineering & Technology,UG,Mechanical Engineering,Sant Longowal Institute of Engineering & Technology,79,4,1800000,1800000,500000,500000,0.388888889,3.6
India,Engineering & Technology,PG,Mechanical Engineering ,Sant Longowal Institute of Engineering & Technology,79,5,800000,800000,500000,500000,2.125,1.6
India,Engineering & Technology,UG,Physics,Sant Longowal Institute of Engineering & Technology,79,5,1800000,1800000,400000,400000,0.111111111,4.5
India,Engineering & Technology,PG,Thermal Engineering,Sant Longowal Institute of Engineering & Technology,79,2,800000,800000,400000,400000,1.5,2
India,Engineering & Technology,PG,Material Science and Engineering,Sant Longowal Institute of Engineering & Technology,79,2,800000,800000,300000,300000,0.875,2.666666667
India,Engineering & Technology,PG,Computer Science and Engineering,Sant Longowal Institute of Engineering & Technology,79,2,800000,800000,800000,800000,4,1
India,Engineering & Technology,PG,Transportation Engineering,Sant Longowal Institute of Engineering & Technology,79,2,800000,800000,400000,400000,1.5,2
India,Engineering & Technology,PG,VLSI Design,Sant Longowal Institute of Engineering & Technology,79,2,800000,800000,800000,800000,4,1
India,Engineering & Technology,PG,Information Security,Sant Longowal Institute of Engineering & Technology,79,2,800000,800000,900000,900000,4.625,0.888888889
India,Engineering & Technology,PG,Structural Engineering,Sant Longowal Institute of Engineering & Technology,79,2,800000,800000,500000,500000,2.125,1.6
India,Engineering & Technology,PG,Communication Engineering,Sant Longowal Institute of Engineering & Technology,79,2,800000,800000,800000,800000,4,1
India,Engineering & Technology,PG,Control Systems,Sant Longowal Institute of Engineering & Technology,79,2,800000,800000,400000,400000,1.5,2
India,Engineering & Technology,PG,Power Systems,Sant Longowal Institute of Engineering & Technology,79,2,800000,800000,500000,500000,2.125,1.6
India,Engineering & Technology,PG,Microelectronics,Sant Longowal Institute of Engineering & Technology,79,2,800000,800000,700000,700000,3.375,1.142857143
India,Engineering & Technology,PG,Chemical Engineering,Sant Longowal Institute of Engineering & Technology,79,2,800000,800000,400000,400000,1.5,2
India,Engineering & Technology,PG,Manufacturing Engineering,Sant Longowal Institute of Engineering & Technology,79,2,800000,800000,500000,500000,2.125,1.6
India,Engineering & Technology,PG,Biotechnology,Sant Longowal Institute of Engineering & Technology,79,2,800000,800000,300000,300000,0.875,2.666666667
India,Engineering & Technology,UG,Information Technology,"Vignan's Foundation for Science, Technology and Research",80,4,1800000,1800000,600000,600000,0.666666667,3
India,Engineering & Technology,UG,Mechanical Engineering,"Vignan's Foundation for Science, Technology and Research",80,4,1800000,1800000,300000,300000,-0.166666667,6
India,Engineering & Technology,UG,Computer Science and Engineering,"Vignan's Foundation for Science, Technology and Research",80,4,1800000,1800000,600000,600000,0.666666667,3
India,Engineering & Technology,UG,Electronics and Communication Engineering,"Vignan's Foundation for Science, Technology and Research",80,4,1800000,1800000,500000,500000,0.388888889,3.6
India,Engineering & Technology,UG,Civil Engineering,"Vignan's Foundation for Science, Technology and Research",80,4,1800000,1800000,300000,300000,-0.166666667,6
India,Engineering & Technology,UG,Electrical Engineering,"Vignan's Foundation for Science, Technology and Research",80,4,1800000,1800000,400000,400000,0.111111111,4.5
India,Engineering & Technology,PG,Transportation Engineering,"Vignan's Foundation for Science, Technology and Research",80,2,800000,800000,300000,300000,0.875,2.666666667
India,Engineering & Technology,PG,Microelectronics,"Vignan's Foundation for Science, Technology and Research",80,2,800000,800000,700000,700000,3.375,1.142857143
India,Engineering & Technology,PG,Environmental Engineering,"Vignan's Foundation for Science, Technology and Research",80,2,800000,800000,400000,400000,1.5,2
India,Engineering & Technology,PG,Power Systems,"Vignan's Foundation for Science, Technology and Research",80,2,800000,800000,400000,400000,1.5,2
India,Engineering & Technology,PG,Biotechnology,"Vignan's Foundation for Science, Technology and Research",80,2,800000,800000,300000,300000,0.875,2.666666667
India,Engineering & Technology,PG,Machine Design,"Vignan's Foundation for Science, Technology and Research",80,2,800000,800000,300000,300000,0.875,2.666666667
India,Engineering & Technology,PG,Thermal Engineering,"Vignan's Foundation for Science, Technology and Research",80,2,800000,800000,500000,500000,2.125,1.6
India,Engineering & Technology,PG,Computer Science and Engineering,"Vignan's Foundation for Science, Technology and Research",80,2,800000,800000,900000,900000,4.625,0.888888889
India,Engineering & Technology,PG,Data Science,"Vignan's Foundation for Science, Technology and Research",80,2,800000,800000,700000,700000,3.375,1.142857143
India,Engineering & Technology,PG,VLSI Design,"Vignan's Foundation for Science, Technology and Research",80,2,800000,800000,800000,800000,4,1
India,Engineering & Technology,PG,Chemical Engineering,"Vignan's Foundation for Science, Technology and Research",80,2,800000,800000,500000,500000,2.125,1.6
India,Engineering & Technology,UG,Architecture,Maulana Azad National Institute of Technology,81,5,1800000,1800000,800000,800000,1.222222222,2.25
India,Engineering & Technology,PG,B. Tech. and M. Tech. in Engineering and Computational Mechanics ,Maulana Azad National Institute of Technology,81,5,800000,800000,800000,800000,4,1
India,Engineering & Technology,UG,Chemical Engineering,Maulana Azad National Institute of Technology,81,4,1800000,1800000,800000,800000,1.222222222,2.25
India,Engineering & Technology,UG,Civil Engineering,Maulana Azad National Institute of Technology,81,4,1800000,1800000,700000,700000,0.944444444,2.571428571
India,Engineering & Technology,UG,Computer Science and Engineering,Maulana Azad National Institute of Technology,81,4,1800000,1800000,1400000,1400000,2.888888889,1.285714286
India,Engineering & Technology,UG,Electrical Engineering,Maulana Azad National Institute of Technology,81,4,1800000,1800000,1100000,1100000,2.055555556,1.636363636
India,Engineering & Technology,UG,Electronics and Communication Engineering,Maulana Azad National Institute of Technology,81,4,1800000,1800000,1100000,1100000,2.055555556,1.636363636
India,Engineering & Technology,UG,Energy and Electrical Vehicle Engineering,Maulana Azad National Institute of Technology,81,4,1800000,1800000,1100000,1100000,2.055555556,1.636363636
India,Engineering & Technology,UG,Materials Science and Metallurgical Engineering,Maulana Azad National Institute of Technology,81,4,1800000,1800000,800000,800000,1.222222222,2.25
India,Engineering & Technology,PG,Mathematics and Data Science ,Maulana Azad National Institute of Technology,81,5,800000,800000,1300000,1300000,7.125,0.615384615
India,Engineering & Technology,UG,Mechanical Engineering,Maulana Azad National Institute of Technology,81,4,1800000,1800000,900000,900000,1.5,2
India,Engineering & Technology,UG,Planning,Maulana Azad National Institute of Technology,81,4,1800000,1800000,800000,800000,1.222222222,2.25
India,Engineering & Technology,PG,Computer Science and Engineering,Maulana Azad National Institute of Technology,81,2,800000,800000,1500000,1500000,8.375,0.533333333
India,Engineering & Technology,PG,Chemical Engineering,Maulana Azad National Institute of Technology,81,2,800000,800000,900000,900000,4.625,0.888888889
India,Engineering & Technology,PG,Information Security,Maulana Azad National Institute of Technology,81,2,800000,800000,1700000,1700000,9.625,0.470588235
India,Engineering & Technology,PG,Material Science and Engineering,Maulana Azad National Institute of Technology,81,2,800000,800000,800000,800000,4,1
India,Engineering & Technology,PG,Biotechnology,Maulana Azad National Institute of Technology,81,2,800000,800000,700000,700000,3.375,1.142857143
India,Engineering & Technology,PG,Data Science,Maulana Azad National Institute of Technology,81,2,800000,800000,1400000,1400000,7.75,0.571428571
India,Engineering & Technology,PG,Power Systems,Maulana Azad National Institute of Technology,81,2,800000,800000,900000,900000,4.625,0.888888889
India,Engineering & Technology,PG,Transportation Engineering,Maulana Azad National Institute of Technology,81,2,800000,800000,900000,900000,4.625,0.888888889
India,Engineering & Technology,PG,Microelectronics,Maulana Azad National Institute of Technology,81,2,800000,800000,1300000,1300000,7.125,0.615384615
India,Engineering & Technology,PG,VLSI Design,Maulana Azad National Institute of Technology,81,2,800000,800000,1400000,1400000,7.75,0.571428571
India,Engineering & Technology,PG,Machine Design,Maulana Azad National Institute of Technology,81,2,800000,800000,700000,700000,3.375,1.142857143
India,Engineering & Technology,PG,Communication Engineering,Maulana Azad National Institute of Technology,81,2,800000,800000,1400000,1400000,7.75,0.571428571
India,Engineering & Technology,PG,Thermal Engineering,Maulana Azad National Institute of Technology,81,2,800000,800000,900000,900000,4.625,0.888888889
India,Engineering & Technology,PG,Structural Engineering,Maulana Azad National Institute of Technology,81,2,800000,800000,700000,700000,3.375,1.142857143
India,Engineering & Technology,UG,Civil Engineering,"National Institute of Technology, Jamshedpur",82,4,1800000,1800000,600000,600000,0.666666667,3
India,Engineering & Technology,UG,Computer Science and Engineering,"National Institute of Technology, Jamshedpur",82,4,1800000,1800000,1000000,1000000,1.777777778,1.8
India,Engineering & Technology,UG,Electrical Engineering,"National Institute of Technology, Jamshedpur",82,4,1800000,1800000,800000,800000,1.222222222,2.25
India,Engineering & Technology,UG,Electronics and Communication Engineering,"National Institute of Technology, Jamshedpur",82,4,1800000,1800000,800000,800000,1.222222222,2.25
India,Engineering & Technology,UG,Engineering and Computational Mechanics,"National Institute of Technology, Jamshedpur",82,4,1800000,1800000,600000,600000,0.666666667,3
India,Engineering & Technology,UG,Mechanical Engineering,"National Institute of Technology, Jamshedpur",82,4,1800000,1800000,700000,700000,0.944444444,2.571428571
India,Engineering & Technology,UG,Metallurgical and Materials Engineering,"National Institute of Technology, Jamshedpur",82,4,1800000,1800000,600000,600000,0.666666667,3
India,Engineering & Technology,UG,Production and Industrial Engineering,"National Institute of Technology, Jamshedpur",82,4,1800000,1800000,600000,600000,0.666666667,3
India,Engineering & Technology,PG,Computer Science and Engineering,"National Institute of Technology, Jamshedpur",82,2,800000,800000,1400000,1400000,7.75,0.571428571
India,Engineering & Technology,PG,Artificial Intelligence,"National Institute of Technology, Jamshedpur",82,2,800000,800000,1700000,1700000,9.625,0.470588235
India,Engineering & Technology,PG,VLSI Design,"National Institute of Technology, Jamshedpur",82,2,800000,800000,1300000,1300000,7.125,0.615384615
India,Engineering & Technology,PG,Chemical Engineering,"National Institute of Technology, Jamshedpur",82,2,800000,800000,800000,800000,4,1
India,Engineering & Technology,PG,Structural Engineering,"National Institute of Technology, Jamshedpur",82,2,800000,800000,800000,800000,4,1
India,Engineering & Technology,PG,Biotechnology,"National Institute of Technology, Jamshedpur",82,2,800000,800000,800000,800000,4,1
India,Engineering & Technology,PG,Material Science and Engineering,"National Institute of Technology, Jamshedpur",82,2,800000,800000,700000,700000,3.375,1.142857143
India,Engineering & Technology,PG,Data Science,"National Institute of Technology, Jamshedpur",82,2,800000,800000,1500000,1500000,8.375,0.533333333
India,Engineering & Technology,PG,Environmental Engineering,"National Institute of Technology, Jamshedpur",82,2,800000,800000,700000,700000,3.375,1.142857143
India,Engineering & Technology,PG,Information Security,"National Institute of Technology, Jamshedpur",82,2,800000,800000,1700000,1700000,9.625,0.470588235
India,Engineering & Technology,PG,Machine Design,"National Institute of Technology, Jamshedpur",82,2,800000,800000,800000,800000,4,1
India,Engineering & Technology,PG,Microelectronics,"National Institute of Technology, Jamshedpur",82,2,800000,800000,1600000,1600000,9,0.5
India,Engineering & Technology,UG,Civil Engineering,National Institute of Technology Meghalaya,83,4,1800000,1800000,600000,600000,0.666666667,3
India,Engineering & Technology,UG,Computer Science and Engineering,National Institute of Technology Meghalaya,83,4,1800000,1800000,1000000,1000000,1.777777778,1.8
India,Engineering & Technology,UG,Electrical and Electronics Engineering,National Institute of Technology Meghalaya,83,4,1800000,1800000,900000,900000,1.5,2
India,Engineering & Technology,UG,Electronics and Communication Engineering,National Institute of Technology Meghalaya,83,4,1800000,1800000,800000,800000,1.222222222,2.25
India,Engineering & Technology,UG,Mechanical Engineering,National Institute of Technology Meghalaya,83,4,1800000,1800000,700000,700000,0.944444444,2.571428571
India,Engineering & Technology,PG,VLSI Design,National Institute of Technology Meghalaya,83,2,800000,800000,1400000,1400000,7.75,0.571428571
India,Engineering & Technology,PG,Communication Engineering,National Institute of Technology Meghalaya,83,2,800000,800000,1400000,1400000,7.75,0.571428571
India,Engineering & Technology,PG,Transportation Engineering,National Institute of Technology Meghalaya,83,2,800000,800000,800000,800000,4,1
India,Engineering & Technology,PG,Computer Science and Engineering,National Institute of Technology Meghalaya,83,2,800000,800000,1600000,1600000,9,0.5
India,Engineering & Technology,PG,Microelectronics,National Institute of Technology Meghalaya,83,2,800000,800000,1400000,1400000,7.75,0.571428571
India,Engineering & Technology,PG,Control Systems,National Institute of Technology Meghalaya,83,2,800000,800000,900000,900000,4.625,0.888888889
India,Engineering & Technology,PG,Information Security,National Institute of Technology Meghalaya,83,2,800000,800000,1500000,1500000,8.375,0.533333333
India,Engineering & Technology,PG,Thermal Engineering,National Institute of Technology Meghalaya,83,2,800000,800000,700000,700000,3.375,1.142857143
India,Engineering & Technology,PG,Material Science and Engineering,National Institute of Technology Meghalaya,83,2,800000,800000,700000,700000,3.375,1.142857143
India,Engineering & Technology,PG,Environmental Engineering,National Institute of Technology Meghalaya,83,2,800000,800000,700000,700000,3.375,1.142857143
India,Engineering & Technology,PG,Machine Design,National Institute of Technology Meghalaya,83,2,800000,800000,800000,800000,4,1
India,Engineering & Technology,PG,Data Science,National Institute of Technology Meghalaya,83,2,800000,800000,1400000,1400000,7.75,0.571428571
India,Engineering & Technology,UG,Computer Science and Engineering,"Jain university,Bangalore",84,4,1800000,1800000,600000,600000,0.666666667,3
India,Engineering & Technology,UG,Information Technology,"Jain university,Bangalore",84,4,1800000,1800000,600000,600000,0.666666667,3
India,Engineering & Technology,UG,Civil Engineering,"Jain university,Bangalore",84,4,1800000,1800000,300000,300000,-0.166666667,6
India,Engineering & Technology,UG,Mechanical Engineering,"Jain university,Bangalore",84,4,1800000,1800000,300000,300000,-0.166666667,6
India,Engineering & Technology,UG,Electrical Engineering,"Jain university,Bangalore",84,4,1800000,1800000,400000,400000,0.111111111,4.5
India,Engineering & Technology,UG,Electronics and Communication Engineering,"Jain university,Bangalore",84,4,1800000,1800000,500000,500000,0.388888889,3.6
India,Engineering & Technology,PG,Transportation Engineering,"Jain university,Bangalore",84,2,800000,800000,400000,400000,1.5,2
India,Engineering & Technology,PG,Machine Design,"Jain university,Bangalore",84,2,800000,800000,400000,400000,1.5,2
India,Engineering & Technology,PG,Biotechnology,"Jain university,Bangalore",84,2,800000,800000,300000,300000,0.875,2.666666667
India,Engineering & Technology,PG,Manufacturing Engineering,"Jain university,Bangalore",84,2,800000,800000,400000,400000,1.5,2
India,Engineering & Technology,PG,Chemical Engineering,"Jain university,Bangalore",84,2,800000,800000,400000,400000,1.5,2
India,Engineering & Technology,PG,Artificial Intelligence,"Jain university,Bangalore",84,2,800000,800000,800000,800000,4,1
India,Engineering & Technology,PG,VLSI Design,"Jain university,Bangalore",84,2,800000,800000,700000,700000,3.375,1.142857143
India,Engineering & Technology,PG,Structural Engineering,"Jain university,Bangalore",84,2,800000,800000,300000,300000,0.875,2.666666667
India,Engineering & Technology,PG,Material Science and Engineering,"Jain university,Bangalore",84,2,800000,800000,300000,300000,0.875,2.666666667
India,Engineering & Technology,PG,Computer Science and Engineering,"Jain university,Bangalore",84,2,800000,800000,900000,900000,4.625,0.888888889
India,Engineering & Technology,UG,Architecture,National Institute of Technology Kurukshetra,85,5,1800000,1800000,800000,800000,1.222222222,2.25
India,Engineering & Technology,UG,Artificial Intelligence and Data Science,National Institute of Technology Kurukshetra,85,4,1800000,1800000,1300000,1300000,2.611111111,1.384615385
India,Engineering & Technology,UG,Artificial Intelligence and Machine Learning,National Institute of Technology Kurukshetra,85,4,1800000,1800000,1300000,1300000,2.611111111,1.384615385
India,Engineering & Technology,UG,Civil Engineering,National Institute of Technology Kurukshetra,85,4,1800000,1800000,700000,700000,0.944444444,2.571428571
India,Engineering & Technology,PG,Civil Engineering ,National Institute of Technology Kurukshetra,85,5,800000,800000,800000,800000,4,1
India,Engineering & Technology,UG,Computer Science and Engineering,National Institute of Technology Kurukshetra,85,4,1800000,1800000,1200000,1200000,2.333333333,1.5
India,Engineering & Technology,PG,Computer Science and Engineering ,National Institute of Technology Kurukshetra,85,5,800000,800000,1300000,1300000,7.125,0.615384615
India,Engineering & Technology,UG,Electrical Engineering,National Institute of Technology Kurukshetra,85,4,1800000,1800000,1100000,1100000,2.055555556,1.636363636
India,Engineering & Technology,PG,Electrical Engineering ,National Institute of Technology Kurukshetra,85,5,800000,800000,1100000,1100000,5.875,0.727272727
India,Engineering & Technology,UG,Electronics and Communication Engineering,National Institute of Technology Kurukshetra,85,4,1800000,1800000,1100000,1100000,2.055555556,1.636363636
India,Engineering & Technology,PG,Electronics and Communication Engineering ,National Institute of Technology Kurukshetra,85,5,800000,800000,1200000,1200000,6.5,0.666666667
India,Engineering & Technology,UG,Industrial Internet of Things,National Institute of Technology Kurukshetra,85,4,1800000,1800000,700000,700000,0.944444444,2.571428571
India,Engineering & Technology,UG,Information Technology,National Institute of Technology Kurukshetra,85,4,1800000,1800000,1200000,1200000,2.333333333,1.5
India,Engineering & Technology,UG,Mathematics and Computing,National Institute of Technology Kurukshetra,85,4,1800000,1800000,1300000,1300000,2.611111111,1.384615385
India,Engineering & Technology,UG,Mechanical Engineering,National Institute of Technology Kurukshetra,85,4,1800000,1800000,900000,900000,1.5,2
India,Engineering & Technology,PG,Mechanical Engineering ,National Institute of Technology Kurukshetra,85,5,800000,800000,900000,900000,4.625,0.888888889
India,Engineering & Technology,UG,Microelectronics & VLSI Engineering,National Institute of Technology Kurukshetra,85,4,1800000,1800000,1100000,1100000,2.055555556,1.636363636
India,Engineering & Technology,UG,Production and Industrial Engineering,National Institute of Technology Kurukshetra,85,4,1800000,1800000,800000,800000,1.222222222,2.25
India,Engineering & Technology,UG,ROBOTICS & AUTOMATION,National Institute of Technology Kurukshetra,85,4,1800000,1800000,700000,700000,0.944444444,2.571428571
India,Engineering & Technology,UG,SUSTAINABLE ENERGY TECHNOLOGIES,National Institute of Technology Kurukshetra,85,4,1800000,1800000,800000,800000,1.222222222,2.25
India,Engineering & Technology,PG,Data Science,National Institute of Technology Kurukshetra,85,2,800000,800000,1400000,1400000,7.75,0.571428571
India,Engineering & Technology,PG,Communication Engineering,National Institute of Technology Kurukshetra,85,2,800000,800000,1400000,1400000,7.75,0.571428571
India,Engineering & Technology,PG,Biotechnology,National Institute of Technology Kurukshetra,85,2,800000,800000,800000,800000,4,1
India,Engineering & Technology,PG,Computer Science and Engineering,National Institute of Technology Kurukshetra,85,2,800000,800000,1500000,1500000,8.375,0.533333333
India,Engineering & Technology,PG,Structural Engineering,National Institute of Technology Kurukshetra,85,2,800000,800000,800000,800000,4,1
India,Engineering & Technology,PG,Chemical Engineering,National Institute of Technology Kurukshetra,85,2,800000,800000,800000,800000,4,1
India,Engineering & Technology,PG,Machine Design,National Institute of Technology Kurukshetra,85,2,800000,800000,800000,800000,4,1
India,Engineering & Technology,PG,Artificial Intelligence,National Institute of Technology Kurukshetra,85,2,800000,800000,1400000,1400000,7.75,0.571428571
India,Engineering & Technology,PG,Thermal Engineering,National Institute of Technology Kurukshetra,85,2,800000,800000,700000,700000,3.375,1.142857143
India,Engineering & Technology,PG,Transportation Engineering,National Institute of Technology Kurukshetra,85,2,800000,800000,700000,700000,3.375,1.142857143
India,Engineering & Technology,PG,Environmental Engineering,National Institute of Technology Kurukshetra,85,2,800000,800000,700000,700000,3.375,1.142857143
India,Engineering & Technology,UG,Architecture,"National Institute of Technology, Raipur",86,5,1800000,1800000,600000,600000,0.666666667,3
India,Engineering & Technology,UG,Bio Medical Engineering,"National Institute of Technology, Raipur",86,4,1800000,1800000,600000,600000,0.666666667,3
India,Engineering & Technology,UG,Bio Technology,"National Institute of Technology, Raipur",86,4,1800000,1800000,600000,600000,0.666666667,3
India,Engineering & Technology,UG,Chemical Engineering,"National Institute of Technology, Raipur",86,4,1800000,1800000,600000,600000,0.666666667,3
India,Engineering & Technology,UG,Civil Engineering,"National Institute of Technology, Raipur",86,4,1800000,1800000,600000,600000,0.666666667,3
India,Engineering & Technology,UG,Computer Science and Engineering,"National Institute of Technology, Raipur",86,4,1800000,1800000,1000000,1000000,1.777777778,1.8
India,Engineering & Technology,UG,Electrical Engineering,"National Institute of Technology, Raipur",86,4,1800000,1800000,800000,800000,1.222222222,2.25
India,Engineering & Technology,UG,Electronics and Communication Engineering,"National Institute of Technology, Raipur",86,4,1800000,1800000,900000,900000,1.5,2
India,Engineering & Technology,UG,Information Technology,"National Institute of Technology, Raipur",86,4,1800000,1800000,1000000,1000000,1.777777778,1.8
India,Engineering & Technology,UG,Mechanical Engineering,"National Institute of Technology, Raipur",86,4,1800000,1800000,700000,700000,0.944444444,2.571428571
India,Engineering & Technology,UG,Metallurgical and Materials Engineering,"National Institute of Technology, Raipur",86,4,1800000,1800000,600000,600000,0.666666667,3
India,Engineering & Technology,UG,Mining Engineering,"National Institute of Technology, Raipur",86,4,1800000,1800000,600000,600000,0.666666667,3
India,Engineering & Technology,PG,Computer Science and Engineering,"National Institute of Technology, Raipur",86,2,800000,800000,1800000,1800000,10.25,0.444444444
India,Engineering & Technology,PG,Chemical Engineering,"National Institute of Technology, Raipur",86,2,800000,800000,900000,900000,4.625,0.888888889
India,Engineering & Technology,PG,Information Security,"National Institute of Technology, Raipur",86,2,800000,800000,1700000,1700000,9.625,0.470588235
India,Engineering & Technology,PG,Machine Design,"National Institute of Technology, Raipur",86,2,800000,800000,700000,700000,3.375,1.142857143
India,Engineering & Technology,PG,VLSI Design,"National Institute of Technology, Raipur",86,2,800000,800000,1200000,1200000,6.5,0.666666667
India,Engineering & Technology,PG,Control Systems,"National Institute of Technology, Raipur",86,2,800000,800000,900000,900000,4.625,0.888888889
India,Engineering & Technology,PG,Data Science,"National Institute of Technology, Raipur",86,2,800000,800000,1600000,1600000,9,0.5
India,Engineering & Technology,PG,Power Systems,"National Institute of Technology, Raipur",86,2,800000,800000,700000,700000,3.375,1.142857143
India,Engineering & Technology,PG,Transportation Engineering,"National Institute of Technology, Raipur",86,2,800000,800000,900000,900000,4.625,0.888888889
India,Engineering & Technology,UG,Electrical Engineering,Vel Tech Rangarajan Dr. Sagunthala R & D Institute of Science and Technology,87,4,1800000,1800000,400000,400000,0.111111111,4.5
India,Engineering & Technology,UG,Computer Science and Engineering,Vel Tech Rangarajan Dr. Sagunthala R & D Institute of Science and Technology,87,4,1800000,1800000,600000,600000,0.666666667,3
India,Engineering & Technology,UG,Mechanical Engineering,Vel Tech Rangarajan Dr. Sagunthala R & D Institute of Science and Technology,87,4,1800000,1800000,300000,300000,-0.166666667,6
India,Engineering & Technology,UG,Civil Engineering,Vel Tech Rangarajan Dr. Sagunthala R & D Institute of Science and Technology,87,4,1800000,1800000,300000,300000,-0.166666667,6
India,Engineering & Technology,UG,Electronics and Communication Engineering,Vel Tech Rangarajan Dr. Sagunthala R & D Institute of Science and Technology,87,4,1800000,1800000,500000,500000,0.388888889,3.6
India,Engineering & Technology,UG,Information Technology,Vel Tech Rangarajan Dr. Sagunthala R & D Institute of Science and Technology,87,4,1800000,1800000,600000,600000,0.666666667,3
India,Engineering & Technology,PG,Computer Science and Engineering,Vel Tech Rangarajan Dr. Sagunthala R & D Institute of Science and Technology,87,2,800000,800000,800000,800000,4,1
India,Engineering & Technology,PG,Data Science,Vel Tech Rangarajan Dr. Sagunthala R & D Institute of Science and Technology,87,2,800000,800000,900000,900000,4.625,0.888888889
India,Engineering & Technology,PG,Communication Engineering,Vel Tech Rangarajan Dr. Sagunthala R & D Institute of Science and Technology,87,2,800000,800000,700000,700000,3.375,1.142857143
India,Engineering & Technology,PG,Machine Design,Vel Tech Rangarajan Dr. Sagunthala R & D Institute of Science and Technology,87,2,800000,800000,300000,300000,0.875,2.666666667
India,Engineering & Technology,PG,Material Science and Engineering,Vel Tech Rangarajan Dr. Sagunthala R & D Institute of Science and Technology,87,2,800000,800000,300000,300000,0.875,2.666666667
India,Engineering & Technology,PG,Structural Engineering,Vel Tech Rangarajan Dr. Sagunthala R & D Institute of Science and Technology,87,2,800000,800000,400000,400000,1.5,2
India,Engineering & Technology,PG,Control Systems,Vel Tech Rangarajan Dr. Sagunthala R & D Institute of Science and Technology,87,2,800000,800000,400000,400000,1.5,2
India,Engineering & Technology,PG,Microelectronics,Vel Tech Rangarajan Dr. Sagunthala R & D Institute of Science and Technology,87,2,800000,800000,800000,800000,4,1
India,Engineering & Technology,PG,Information Security,Vel Tech Rangarajan Dr. Sagunthala R & D Institute of Science and Technology,87,2,800000,800000,900000,900000,4.625,0.888888889
India,Engineering & Technology,PG,Transportation Engineering,Vel Tech Rangarajan Dr. Sagunthala R & D Institute of Science and Technology,87,2,800000,800000,500000,500000,2.125,1.6
India,Engineering & Technology,PG,Manufacturing Engineering,Vel Tech Rangarajan Dr. Sagunthala R & D Institute of Science and Technology,87,2,800000,800000,400000,400000,1.5,2
India,Engineering & Technology,UG,Information Technology,AU College of Engineering (A),88,4,1800000,1800000,600000,600000,0.666666667,3
India,Engineering & Technology,UG,Civil Engineering,AU College of Engineering (A),88,4,1800000,1800000,300000,300000,-0.166666667,6
India,Engineering & Technology,UG,Electrical Engineering,AU College of Engineering (A),88,4,1800000,1800000,400000,400000,0.111111111,4.5
India,Engineering & Technology,UG,Mechanical Engineering,AU College of Engineering (A),88,4,1800000,1800000,300000,300000,-0.166666667,6
India,Engineering & Technology,UG,Computer Science and Engineering,AU College of Engineering (A),88,4,1800000,1800000,600000,600000,0.666666667,3
India,Engineering & Technology,UG,Electronics and Communication Engineering,AU College of Engineering (A),88,4,1800000,1800000,500000,500000,0.388888889,3.6
India,Engineering & Technology,PG,Microelectronics,AU College of Engineering (A),88,2,800000,800000,800000,800000,4,1
India,Engineering & Technology,PG,Structural Engineering,AU College of Engineering (A),88,2,800000,800000,500000,500000,2.125,1.6
India,Engineering & Technology,PG,Environmental Engineering,AU College of Engineering (A),88,2,800000,800000,400000,400000,1.5,2
India,Engineering & Technology,PG,Biotechnology,AU College of Engineering (A),88,2,800000,800000,400000,400000,1.5,2
India,Engineering & Technology,PG,Data Science,AU College of Engineering (A),88,2,800000,800000,800000,800000,4,1
India,Engineering & Technology,PG,VLSI Design,AU College of Engineering (A),88,2,800000,800000,800000,800000,4,1
India,Engineering & Technology,PG,Material Science and Engineering,AU College of Engineering (A),88,2,800000,800000,400000,400000,1.5,2
India,Engineering & Technology,PG,Machine Design,AU College of Engineering (A),88,2,800000,800000,400000,400000,1.5,2
India,Engineering & Technology,PG,Information Security,AU College of Engineering (A),88,2,800000,800000,800000,800000,4,1
India,Engineering & Technology,PG,Power Systems,AU College of Engineering (A),88,2,800000,800000,500000,500000,2.125,1.6
India,Engineering & Technology,PG,Chemical Engineering,AU College of Engineering (A),88,2,800000,800000,400000,400000,1.5,2
India,Engineering & Technology,PG,Manufacturing Engineering,AU College of Engineering (A),88,2,800000,800000,400000,400000,1.5,2
India,Engineering & Technology,PG,Computer Science and Engineering,AU College of Engineering (A),88,2,800000,800000,700000,700000,3.375,1.142857143
India,Engineering & Technology,PG,Control Systems,AU College of Engineering (A),88,2,800000,800000,400000,400000,1.5,2
India,Engineering & Technology,PG,Transportation Engineering,AU College of Engineering (A),88,2,800000,800000,400000,400000,1.5,2
India,Engineering & Technology,UG,Information Technology,Chitkara University,89,4,1800000,1800000,600000,600000,0.666666667,3
India,Engineering & Technology,UG,Civil Engineering,Chitkara University,89,4,1800000,1800000,300000,300000,-0.166666667,6
India,Engineering & Technology,UG,Mechanical Engineering,Chitkara University,89,4,1800000,1800000,300000,300000,-0.166666667,6
India,Engineering & Technology,UG,Computer Science and Engineering,Chitkara University,89,4,1800000,1800000,600000,600000,0.666666667,3
India,Engineering & Technology,UG,Electrical Engineering,Chitkara University,89,4,1800000,1800000,400000,400000,0.111111111,4.5
India,Engineering & Technology,UG,Electronics and Communication Engineering,Chitkara University,89,4,1800000,1800000,500000,500000,0.388888889,3.6
India,Engineering & Technology,PG,Thermal Engineering,Chitkara University,89,2,800000,800000,300000,300000,0.875,2.666666667
India,Engineering & Technology,PG,VLSI Design,Chitkara University,89,2,800000,800000,800000,800000,4,1
India,Engineering & Technology,PG,Machine Design,Chitkara University,89,2,800000,800000,400000,400000,1.5,2
India,Engineering & Technology,PG,Material Science and Engineering,Chitkara University,89,2,800000,800000,300000,300000,0.875,2.666666667
India,Engineering & Technology,PG,Computer Science and Engineering,Chitkara University,89,2,800000,800000,900000,900000,4.625,0.888888889
India,Engineering & Technology,PG,Environmental Engineering,Chitkara University,89,2,800000,800000,400000,400000,1.5,2
India,Engineering & Technology,PG,Manufacturing Engineering,Chitkara University,89,2,800000,800000,300000,300000,0.875,2.666666667
India,Engineering & Technology,PG,Artificial Intelligence,Chitkara University,89,2,800000,800000,800000,800000,4,1
India,Engineering & Technology,PG,Information Security,Chitkara University,89,2,800000,800000,800000,800000,4,1
India,Engineering & Technology,PG,Microelectronics,Chitkara University,89,2,800000,800000,700000,700000,3.375,1.142857143
India,Engineering & Technology,PG,Structural Engineering,Chitkara University,89,2,800000,800000,400000,400000,1.5,2
India,Engineering & Technology,PG,Power Systems,Chitkara University,89,2,800000,800000,400000,400000,1.5,2
India,Engineering & Technology,UG,Mechanical Engineering,COEP Technological University,90,4,1800000,1800000,700000,700000,0.944444444,2.571428571
India,Engineering & Technology,UG,Civil Engineering,COEP Technological University,90,4,1800000,1800000,600000,600000,0.666666667,3
India,Engineering & Technology,UG,Information Technology,COEP Technological University,90,4,1800000,1800000,1400000,1400000,2.888888889,1.285714286
India,Engineering & Technology,UG,Electronics and Telecommunication Engineering,COEP Technological University,90,4,1800000,1800000,1200000,1200000,2.333333333,1.5
India,Engineering & Technology,UG,Instrumentation and Control Engineering,COEP Technological University,90,4,1800000,1800000,900000,900000,1.5,2
India,Engineering & Technology,UG,Electrical Engineering,COEP Technological University,90,4,1800000,1800000,1000000,1000000,1.777777778,1.8
India,Engineering & Technology,UG,Metallurgy and Material Technology,COEP Technological University,90,4,1800000,1800000,700000,700000,0.944444444,2.571428571
India,Engineering & Technology,UG,Computer Engineering,COEP Technological University,90,4,1800000,1800000,1500000,1500000,3.166666667,1.2
India,Engineering & Technology,PG,Data Science,COEP Technological University,90,2,800000,800000,800000,800000,4,1
India,Engineering & Technology,PG,Environmental Engineering,COEP Technological University,90,2,800000,800000,400000,400000,1.5,2
India,Engineering & Technology,PG,VLSI Design,COEP Technological University,90,2,800000,800000,800000,800000,4,1
India,Engineering & Technology,PG,Communication Engineering,COEP Technological University,90,2,800000,800000,700000,700000,3.375,1.142857143
India,Engineering & Technology,PG,Power Systems,COEP Technological University,90,2,800000,800000,500000,500000,2.125,1.6
India,Engineering & Technology,PG,Thermal Engineering,COEP Technological University,90,2,800000,800000,400000,400000,1.5,2
India,Engineering & Technology,PG,Transportation Engineering,COEP Technological University,90,2,800000,800000,400000,400000,1.5,2
India,Engineering & Technology,PG,Machine Design,COEP Technological University,90,2,800000,800000,400000,400000,1.5,2
India,Engineering & Technology,PG,Artificial Intelligence,COEP Technological University,90,2,800000,800000,900000,900000,4.625,0.888888889
India,Engineering & Technology,PG,Information Security,COEP Technological University,90,2,800000,800000,800000,800000,4,1
India,Engineering & Technology,PG,Microelectronics,COEP Technological University,90,2,800000,800000,800000,800000,4,1
India,Engineering & Technology,PG,Biotechnology,COEP Technological University,90,2,800000,800000,300000,300000,0.875,2.666666667
India,Engineering & Technology,PG,Structural Engineering,COEP Technological University,90,2,800000,800000,400000,400000,1.5,2
India,Engineering & Technology,PG,Manufacturing Engineering,COEP Technological University,90,2,800000,800000,400000,400000,1.5,2
India,Engineering & Technology,PG,Computer Science and Engineering,COEP Technological University,90,2,800000,800000,700000,700000,3.375,1.142857143
India,Engineering & Technology,UG,Mechanical Engineering,SR University,91,4,1800000,1800000,300000,300000,-0.166666667,6
India,Engineering & Technology,UG,Civil Engineering,SR University,91,4,1800000,1800000,300000,300000,-0.166666667,6
India,Engineering & Technology,UG,Electronics and Communication Engineering,SR University,91,4,1800000,1800000,500000,500000,0.388888889,3.6
India,Engineering & Technology,UG,Information Technology,SR University,91,4,1800000,1800000,600000,600000,0.666666667,3
India,Engineering & Technology,UG,Computer Science and Engineering,SR University,91,4,1800000,1800000,600000,600000,0.666666667,3
India,Engineering & Technology,UG,Electrical Engineering,SR University,91,4,1800000,1800000,400000,400000,0.111111111,4.5
India,Engineering & Technology,PG,Thermal Engineering,SR University,91,2,800000,800000,400000,400000,1.5,2
India,Engineering & Technology,PG,Structural Engineering,SR University,91,2,800000,800000,400000,400000,1.5,2
India,Engineering & Technology,PG,Machine Design,SR University,91,2,800000,800000,400000,400000,1.5,2
India,Engineering & Technology,PG,Artificial Intelligence,SR University,91,2,800000,800000,900000,900000,4.625,0.888888889
India,Engineering & Technology,PG,Control Systems,SR University,91,2,800000,800000,400000,400000,1.5,2
India,Engineering & Technology,PG,Communication Engineering,SR University,91,2,800000,800000,700000,700000,3.375,1.142857143
India,Engineering & Technology,PG,Biotechnology,SR University,91,2,800000,800000,300000,300000,0.875,2.666666667
India,Engineering & Technology,PG,Manufacturing Engineering,SR University,91,2,800000,800000,500000,500000,2.125,1.6
India,Engineering & Technology,PG,VLSI Design,SR University,91,2,800000,800000,800000,800000,4,1
India,Engineering & Technology,PG,Computer Science and Engineering,SR University,91,2,800000,800000,900000,900000,4.625,0.888888889
India,Engineering & Technology,PG,Material Science and Engineering,SR University,91,2,800000,800000,300000,300000,0.875,2.666666667
India,Engineering & Technology,UG,Computer Science and Engineering,Defence Institute of Advanced Technology,92,4,1800000,1800000,600000,600000,0.666666667,3
India,Engineering & Technology,UG,Civil Engineering,Defence Institute of Advanced Technology,92,4,1800000,1800000,300000,300000,-0.166666667,6
India,Engineering & Technology,UG,Electronics and Communication Engineering,Defence Institute of Advanced Technology,92,4,1800000,1800000,500000,500000,0.388888889,3.6
India,Engineering & Technology,UG,Electrical Engineering,Defence Institute of Advanced Technology,92,4,1800000,1800000,400000,400000,0.111111111,4.5
India,Engineering & Technology,UG,Mechanical Engineering,Defence Institute of Advanced Technology,92,4,1800000,1800000,300000,300000,-0.166666667,6
India,Engineering & Technology,UG,Information Technology,Defence Institute of Advanced Technology,92,4,1800000,1800000,600000,600000,0.666666667,3
India,Engineering & Technology,PG,Data Science,Defence Institute of Advanced Technology,92,2,800000,800000,900000,900000,4.625,0.888888889
India,Engineering & Technology,PG,Communication Engineering,Defence Institute of Advanced Technology,92,2,800000,800000,700000,700000,3.375,1.142857143
India,Engineering & Technology,PG,Environmental Engineering,Defence Institute of Advanced Technology,92,2,800000,800000,500000,500000,2.125,1.6
India,Engineering & Technology,PG,Control Systems,Defence Institute of Advanced Technology,92,2,800000,800000,400000,400000,1.5,2
India,Engineering & Technology,PG,Power Systems,Defence Institute of Advanced Technology,92,2,800000,800000,500000,500000,2.125,1.6
India,Engineering & Technology,PG,Computer Science and Engineering,Defence Institute of Advanced Technology,92,2,800000,800000,900000,900000,4.625,0.888888889
India,Engineering & Technology,PG,Chemical Engineering,Defence Institute of Advanced Technology,92,2,800000,800000,400000,400000,1.5,2
India,Engineering & Technology,PG,Material Science and Engineering,Defence Institute of Advanced Technology,92,2,800000,800000,300000,300000,0.875,2.666666667
India,Engineering & Technology,PG,VLSI Design,Defence Institute of Advanced Technology,92,2,800000,800000,700000,700000,3.375,1.142857143
India,Engineering & Technology,PG,Machine Design,Defence Institute of Advanced Technology,92,2,800000,800000,400000,400000,1.5,2
India,Engineering & Technology,PG,Information Security,Defence Institute of Advanced Technology,92,2,800000,800000,700000,700000,3.375,1.142857143
India,Engineering & Technology,UG,Computer Science and Engineering,Panjab University,93,4,1800000,1800000,1000000,1000000,1.777777778,1.8
India,Engineering & Technology,UG,Biotechnology,Panjab University,93,4,1800000,1800000,400000,400000,0.111111111,4.5
India,Engineering & Technology,UG,Information Technology,Panjab University,93,4,1800000,1800000,900000,900000,1.5,2
India,Engineering & Technology,UG,Electronics and Communication Engineering,Panjab University,93,4,1800000,1800000,700000,700000,0.944444444,2.571428571
India,Engineering & Technology,UG,Mechanical Engineering,Panjab University,93,4,1800000,1800000,400000,400000,0.111111111,4.5
India,Engineering & Technology,UG,Electrical and Electronics Engineering,Panjab University,93,4,1800000,1800000,600000,600000,0.666666667,3
India,Engineering & Technology,UG,Computer Science and Engineering,Panjab University,93,2,1800000,1800000,900000,900000,1.5,2
India,Engineering & Technology,UG,Biotechnology,Panjab University,93,2,1800000,1800000,300000,300000,-0.166666667,6
India,Engineering & Technology,UG,Transportation Engineering,Panjab University,93,2,1800000,1800000,500000,500000,0.388888889,3.6
India,Engineering & Technology,UG,Data Science,Panjab University,93,2,1800000,1800000,700000,700000,0.944444444,2.571428571
India,Engineering & Technology,UG,Environmental Engineering,Panjab University,93,2,1800000,1800000,400000,400000,0.111111111,4.5
India,Engineering & Technology,UG,Chemical Engineering,Panjab University,93,2,1800000,1800000,400000,400000,0.111111111,4.5
India,Engineering & Technology,UG,Information Security,Panjab University,93,2,1800000,1800000,900000,900000,1.5,2
India,Engineering & Technology,UG,Artificial Intelligence,Panjab University,93,2,1800000,1800000,900000,900000,1.5,2
India,Engineering & Technology,UG,VLSI Design,Panjab University,93,2,1800000,1800000,800000,800000,1.222222222,2.25
India,Engineering & Technology,UG,Computer Science and Engineering,Jawaharlal Nehru Technological University,94,4,1800000,1800000,2800000,2800000,6.777777778,0.642857143
India,Engineering & Technology,UG,Electronics and Communication Engineering,Jawaharlal Nehru Technological University,94,4,1800000,1800000,2300000,2300000,5.388888889,0.782608696
India,Engineering & Technology,PG,Environmental Engineering,Jawaharlal Nehru Technological University,94,2,800000,800000,500000,500000,2.125,1.6
India,Engineering & Technology,PG,Communication Engineering,Jawaharlal Nehru Technological University,94,2,800000,800000,800000,800000,4,1
India,Engineering & Technology,PG,Information Security,Jawaharlal Nehru Technological University,94,2,800000,800000,900000,900000,4.625,0.888888889
India,Engineering & Technology,PG,Machine Design,Jawaharlal Nehru Technological University,94,2,800000,800000,500000,500000,2.125,1.6
India,Engineering & Technology,PG,Structural Engineering,Jawaharlal Nehru Technological University,94,2,800000,800000,400000,400000,1.5,2
India,Engineering & Technology,PG,Computer Science and Engineering,Jawaharlal Nehru Technological University,94,2,800000,800000,800000,800000,4,1
India,Engineering & Technology,PG,VLSI Design,Jawaharlal Nehru Technological University,94,2,800000,800000,700000,700000,3.375,1.142857143
India,Engineering & Technology,PG,Thermal Engineering,Jawaharlal Nehru Technological University,94,2,800000,800000,500000,500000,2.125,1.6
India,Engineering & Technology,UG,Information Technology,"C.V. Raman Global University, Odisha",95,4,1800000,1800000,600000,600000,0.666666667,3
India,Engineering & Technology,UG,Electronics and Communication Engineering,"C.V. Raman Global University, Odisha",95,4,1800000,1800000,500000,500000,0.388888889,3.6
India,Engineering & Technology,UG,Mechanical Engineering,"C.V. Raman Global University, Odisha",95,4,1800000,1800000,300000,300000,-0.166666667,6
India,Engineering & Technology,UG,Electrical Engineering,"C.V. Raman Global University, Odisha",95,4,1800000,1800000,400000,400000,0.111111111,4.5
India,Engineering & Technology,UG,Computer Science and Engineering,"C.V. Raman Global University, Odisha",95,4,1800000,1800000,600000,600000,0.666666667,3
India,Engineering & Technology,UG,Civil Engineering,"C.V. Raman Global University, Odisha",95,4,1800000,1800000,300000,300000,-0.166666667,6
India,Engineering & Technology,PG,Computer Science and Engineering,"C.V. Raman Global University, Odisha",95,2,800000,800000,800000,800000,4,1
India,Engineering & Technology,PG,Thermal Engineering,"C.V. Raman Global University, Odisha",95,2,800000,800000,400000,400000,1.5,2
India,Engineering & Technology,PG,Artificial Intelligence,"C.V. Raman Global University, Odisha",95,2,800000,800000,800000,800000,4,1
India,Engineering & Technology,PG,Machine Design,"C.V. Raman Global University, Odisha",95,2,800000,800000,400000,400000,1.5,2
India,Engineering & Technology,PG,Information Security,"C.V. Raman Global University, Odisha",95,2,800000,800000,1000000,1000000,5.25,0.8
India,Engineering & Technology,PG,Data Science,"C.V. Raman Global University, Odisha",95,2,800000,800000,700000,700000,3.375,1.142857143
India,Engineering & Technology,PG,Microelectronics,"C.V. Raman Global University, Odisha",95,2,800000,800000,700000,700000,3.375,1.142857143
India,Engineering & Technology,PG,Chemical Engineering,"C.V. Raman Global University, Odisha",95,2,800000,800000,400000,400000,1.5,2
India,Engineering & Technology,UG,Computer Science and Engineering,Atal Bihari Vajpayee Indian Institute of Information Technology and Management,96,4,1800000,1800000,1000000,1000000,1.777777778,1.8
India,Engineering & Technology,UG,Electrical and Electronics Engineering,Atal Bihari Vajpayee Indian Institute of Information Technology and Management,96,4,1800000,1800000,900000,900000,1.5,2
India,Engineering & Technology,UG,Integrated B. Tech. and M. Tech,Atal Bihari Vajpayee Indian Institute of Information Technology and Management,96,5,1800000,1800000,600000,600000,0.666666667,3
India,Engineering & Technology,UG,Integrated B. Tech. and MBA,Atal Bihari Vajpayee Indian Institute of Information Technology and Management,96,5,1800000,1800000,600000,600000,0.666666667,3
India,Engineering & Technology,UG,Mathematics and Scientific Computing,Atal Bihari Vajpayee Indian Institute of Information Technology and Management,96,4,1800000,1800000,500000,500000,0.388888889,3.6
India,Engineering & Technology,PG,Computer Science and Engineering,Atal Bihari Vajpayee Indian Institute of Information Technology and Management,96,2,800000,800000,800000,800000,4,1
India,Engineering & Technology,PG,Thermal Engineering,Atal Bihari Vajpayee Indian Institute of Information Technology and Management,96,2,800000,800000,400000,400000,1.5,2
India,Engineering & Technology,PG,Communication Engineering,Atal Bihari Vajpayee Indian Institute of Information Technology and Management,96,2,800000,800000,800000,800000,4,1
India,Engineering & Technology,PG,Microelectronics,Atal Bihari Vajpayee Indian Institute of Information Technology and Management,96,2,800000,800000,700000,700000,3.375,1.142857143
India,Engineering & Technology,PG,Transportation Engineering,Atal Bihari Vajpayee Indian Institute of Information Technology and Management,96,2,800000,800000,400000,400000,1.5,2
India,Engineering & Technology,PG,Material Science and Engineering,Atal Bihari Vajpayee Indian Institute of Information Technology and Management,96,2,800000,800000,400000,400000,1.5,2
India,Engineering & Technology,PG,Environmental Engineering,Atal Bihari Vajpayee Indian Institute of Information Technology and Management,96,2,800000,800000,400000,400000,1.5,2
India,Engineering & Technology,PG,Structural Engineering,Atal Bihari Vajpayee Indian Institute of Information Technology and Management,96,2,800000,800000,500000,500000,2.125,1.6
India,Engineering & Technology,PG,Artificial Intelligence,Atal Bihari Vajpayee Indian Institute of Information Technology and Management,96,2,800000,800000,900000,900000,4.625,0.888888889
India,Engineering & Technology,PG,Control Systems,Atal Bihari Vajpayee Indian Institute of Information Technology and Management,96,2,800000,800000,400000,400000,1.5,2
India,Engineering & Technology,PG,Data Science,Atal Bihari Vajpayee Indian Institute of Information Technology and Management,96,2,800000,800000,800000,800000,4,1
India,Engineering & Technology,UG,Architecture,National Institute of Technology Hamirpur,97,5,1800000,1800000,600000,600000,0.666666667,3
India,Engineering & Technology,UG,Chemical Engineering,National Institute of Technology Hamirpur,97,4,1800000,1800000,600000,600000,0.666666667,3
India,Engineering & Technology,UG,Civil Engineering,National Institute of Technology Hamirpur,97,4,1800000,1800000,600000,600000,0.666666667,3
India,Engineering & Technology,UG,Computer Science and Engineering,National Institute of Technology Hamirpur,97,4,1800000,1800000,1000000,1000000,1.777777778,1.8
India,Engineering & Technology,PG,Computer Science and Engineering ,National Institute of Technology Hamirpur,97,5,800000,800000,1000000,1000000,5.25,0.8
India,Engineering & Technology,UG,Electrical Engineering,National Institute of Technology Hamirpur,97,4,1800000,1800000,900000,900000,1.5,2
India,Engineering & Technology,UG,Electronics and Communication Engineering,National Institute of Technology Hamirpur,97,4,1800000,1800000,900000,900000,1.5,2
India,Engineering & Technology,PG,Electronics and Communication Engineering ,National Institute of Technology Hamirpur,97,5,800000,800000,800000,800000,4,1
India,Engineering & Technology,UG,Engineering Physics,National Institute of Technology Hamirpur,97,4,1800000,1800000,500000,500000,0.388888889,3.6
India,Engineering & Technology,UG,Materials Science and Engineering,National Institute of Technology Hamirpur,97,4,1800000,1800000,600000,600000,0.666666667,3
India,Engineering & Technology,UG,Mathematics and Computing,National Institute of Technology Hamirpur,97,4,1800000,1800000,1000000,1000000,1.777777778,1.8
India,Engineering & Technology,UG,Mechanical Engineering,National Institute of Technology Hamirpur,97,4,1800000,1800000,700000,700000,0.944444444,2.571428571
India,Engineering & Technology,PG,Computer Science and Engineering,National Institute of Technology Hamirpur,97,2,800000,800000,1700000,1700000,9.625,0.470588235
India,Engineering & Technology,PG,Material Science and Engineering,National Institute of Technology Hamirpur,97,2,800000,800000,700000,700000,3.375,1.142857143
India,Engineering & Technology,PG,Transportation Engineering,National Institute of Technology Hamirpur,97,2,800000,800000,800000,800000,4,1
India,Engineering & Technology,PG,Biotechnology,National Institute of Technology Hamirpur,97,2,800000,800000,700000,700000,3.375,1.142857143
India,Engineering & Technology,PG,VLSI Design,National Institute of Technology Hamirpur,97,2,800000,800000,1500000,1500000,8.375,0.533333333
India,Engineering & Technology,PG,Structural Engineering,National Institute of Technology Hamirpur,97,2,800000,800000,700000,700000,3.375,1.142857143
India,Engineering & Technology,PG,Power Systems,National Institute of Technology Hamirpur,97,2,800000,800000,700000,700000,3.375,1.142857143
India,Engineering & Technology,PG,Thermal Engineering,National Institute of Technology Hamirpur,97,2,800000,800000,800000,800000,4,1
India,Engineering & Technology,PG,Artificial Intelligence,National Institute of Technology Hamirpur,97,2,800000,800000,1300000,1300000,7.125,0.615384615
India,Engineering & Technology,PG,Chemical Engineering,National Institute of Technology Hamirpur,97,2,800000,800000,700000,700000,3.375,1.142857143
India,Engineering & Technology,UG,Civil Engineering,Pandit Deendayal Energy University,98,4,1800000,1800000,300000,300000,-0.166666667,6
India,Engineering & Technology,UG,Information Technology,Pandit Deendayal Energy University,98,4,1800000,1800000,600000,600000,0.666666667,3
India,Engineering & Technology,UG,Electronics and Communication Engineering,Pandit Deendayal Energy University,98,4,1800000,1800000,500000,500000,0.388888889,3.6
India,Engineering & Technology,UG,Computer Science and Engineering,Pandit Deendayal Energy University,98,4,1800000,1800000,600000,600000,0.666666667,3
India,Engineering & Technology,UG,Mechanical Engineering,Pandit Deendayal Energy University,98,4,1800000,1800000,300000,300000,-0.166666667,6
India,Engineering & Technology,UG,Electrical Engineering,Pandit Deendayal Energy University,98,4,1800000,1800000,400000,400000,0.111111111,4.5
India,Engineering & Technology,PG,Computer Science and Engineering,Pandit Deendayal Energy University,98,2,800000,800000,900000,900000,4.625,0.888888889
India,Engineering & Technology,PG,Information Security,Pandit Deendayal Energy University,98,2,800000,800000,800000,800000,4,1
India,Engineering & Technology,PG,VLSI Design,Pandit Deendayal Energy University,98,2,800000,800000,900000,900000,4.625,0.888888889
India,Engineering & Technology,PG,Chemical Engineering,Pandit Deendayal Energy University,98,2,800000,800000,400000,400000,1.5,2
India,Engineering & Technology,PG,Artificial Intelligence,Pandit Deendayal Energy University,98,2,800000,800000,900000,900000,4.625,0.888888889
India,Engineering & Technology,PG,Structural Engineering,Pandit Deendayal Energy University,98,2,800000,800000,400000,400000,1.5,2
India,Engineering & Technology,PG,Transportation Engineering,Pandit Deendayal Energy University,98,2,800000,800000,400000,400000,1.5,2
India,Engineering & Technology,PG,Control Systems,Pandit Deendayal Energy University,98,2,800000,800000,500000,500000,2.125,1.6
India,Engineering & Technology,PG,Manufacturing Engineering,Pandit Deendayal Energy University,98,2,800000,800000,500000,500000,2.125,1.6
India,Engineering & Technology,PG,Communication Engineering,Pandit Deendayal Energy University,98,2,800000,800000,700000,700000,3.375,1.142857143
India,Engineering & Technology,UG,Civil Engineering,National Institute of Technology Puducherry,99,4,1800000,1800000,600000,600000,0.666666667,3
India,Engineering & Technology,UG,Computer Science and Engineering,National Institute of Technology Puducherry,99,4,1800000,1800000,1000000,1000000,1.777777778,1.8
India,Engineering & Technology,UG,Electrical and Electronics Engineering,National Institute of Technology Puducherry,99,4,1800000,1800000,900000,900000,1.5,2
India,Engineering & Technology,UG,Electronics and Communication Engineering,National Institute of Technology Puducherry,99,4,1800000,1800000,900000,900000,1.5,2
India,Engineering & Technology,UG,Mechanical Engineering,National Institute of Technology Puducherry,99,4,1800000,1800000,700000,700000,0.944444444,2.571428571
India,Engineering & Technology,PG,Computer Science and Engineering,National Institute of Technology Puducherry,99,2,800000,800000,1300000,1300000,7.125,0.615384615
India,Engineering & Technology,PG,Thermal Engineering,National Institute of Technology Puducherry,99,2,800000,800000,800000,800000,4,1
India,Engineering & Technology,PG,VLSI Design,National Institute of Technology Puducherry,99,2,800000,800000,1500000,1500000,8.375,0.533333333
India,Engineering & Technology,PG,Environmental Engineering,National Institute of Technology Puducherry,99,2,800000,800000,700000,700000,3.375,1.142857143
India,Engineering & Technology,PG,Control Systems,National Institute of Technology Puducherry,99,2,800000,800000,900000,900000,4.625,0.888888889
India,Engineering & Technology,PG,Data Science,National Institute of Technology Puducherry,99,2,800000,800000,1600000,1600000,9,0.5
India,Engineering & Technology,PG,Information Security,National Institute of Technology Puducherry,99,2,800000,800000,1400000,1400000,7.75,0.571428571
India,Engineering & Technology,PG,Transportation Engineering,National Institute of Technology Puducherry,99,2,800000,800000,700000,700000,3.375,1.142857143
India,Engineering & Technology,PG,Material Science and Engineering,National Institute of Technology Puducherry,99,2,800000,800000,600000,600000,2.75,1.333333333
India,Engineering & Technology,PG,Communication Engineering,National Institute of Technology Puducherry,99,2,800000,800000,1400000,1400000,7.75,0.571428571
India,Engineering & Technology,PG,Machine Design,National Institute of Technology Puducherry,99,2,800000,800000,700000,700000,3.375,1.142857143
India,Engineering & Technology,PG,Structural Engineering,National Institute of Technology Puducherry,99,2,800000,800000,700000,700000,3.375,1.142857143
India,Engineering & Technology,PG,Manufacturing Engineering,National Institute of Technology Puducherry,99,2,800000,800000,700000,700000,3.375,1.142857143
India,Engineering & Technology,PG,Power Systems,National Institute of Technology Puducherry,99,2,800000,800000,800000,800000,4,1
India,Engineering & Technology,UG,Electronics and Communication Engineering,Sri Krishna College of Engineering and Technology,100,4,1800000,1800000,500000,500000,0.388888889,3.6
India,Engineering & Technology,UG,Information Technology,Sri Krishna College of Engineering and Technology,100,4,1800000,1800000,600000,600000,0.666666667,3
India,Engineering & Technology,UG,Computer Science and Engineering,Sri Krishna College of Engineering and Technology,100,4,1800000,1800000,600000,600000,0.666666667,3
India,Engineering & Technology,UG,Civil Engineering,Sri Krishna College of Engineering and Technology,100,4,1800000,1800000,300000,300000,-0.166666667,6
India,Engineering & Technology,UG,Electrical Engineering,Sri Krishna College of Engineering and Technology,100,4,1800000,1800000,400000,400000,0.111111111,4.5
India,Engineering & Technology,UG,Mechanical Engineering,Sri Krishna College of Engineering and Technology,100,4,1800000,1800000,300000,300000,-0.166666667,6
India,Engineering & Technology,PG,Material Science and Engineering,Sri Krishna College of Engineering and Technology,100,2,800000,800000,400000,400000,1.5,2
India,Engineering & Technology,PG,Data Science,Sri Krishna College of Engineering and Technology,100,2,800000,800000,800000,800000,4,1
India,Engineering & Technology,PG,Transportation Engineering,Sri Krishna College of Engineering and Technology,100,2,800000,800000,400000,400000,1.5,2
India,Engineering & Technology,PG,Control Systems,Sri Krishna College of Engineering and Technology,100,2,800000,800000,500000,500000,2.125,1.6
India,Engineering & Technology,PG,Environmental Engineering,Sri Krishna College of Engineering and Technology,100,2,800000,800000,400000,400000,1.5,2
India,Engineering & Technology,PG,Computer Science and Engineering,Sri Krishna College of Engineering and Technology,100,2,800000,800000,800000,800000,4,1
India,Engineering & Technology,PG,Power Systems,Sri Krishna College of Engineering and Technology,100,2,800000,800000,400000,400000,1.5,2
India,Engineering & Technology,PG,Thermal Engineering,Sri Krishna College of Engineering and Technology,100,2,800000,800000,300000,300000,0.875,2.666666667
India,Engineering & Technology,PG,VLSI Design,Sri Krishna College of Engineering and Technology,100,2,800000,800000,800000,800000,4,1
India,Engineering & Technology,PG,Artificial Intelligence,Sri Krishna College of Engineering and Technology,100,2,800000,800000,900000,900000,4.625,0.888888889
India,Engineering & Technology,PG,Machine Design,Sri Krishna College of Engineering and Technology,100,2,800000,800000,500000,500000,2.125,1.6
Netherlands,Not Yet Decided,PG,Not Yet Decided,Delft University of Technology,1,2,40100,3616100,44000,3968000,,
Netherlands,Not Yet Decided,UG,Not Yet Decided,University of Amsterdam,2,3,38100,3438900,44000,3968000,,
Netherlands,Engineering & Technology,UG,Engineering & Technology,Eindhoven University of Technology,6,3,42700,3852300,44000,3968000,,
Netherlands,Science & Technology,UG,Science & Technology,Leiden University,4,3,43500,3921000,44000,3968000,,
Netherlands,Business & Finance,UG,Business & Finance,Erasmus University Rotterdam,6,3,44000,3960000,44000,3968000,,
Netherlands,Medical & Health Sciences,UG,Medical & Health Sciences,University of Amsterdam,2,3,45300,4077000,44000,3968000,,
Netherlands,Hospitality & Lifestyle,UG,Hospitality & Lifestyle,Maastricht University,10,3,32700,2943000,44000,3968000,,
Netherlands,"Arts, Design & Media",UG,"Arts, Design & Media",University of Amsterdam,2,3,40000,3600000,44000,3968000,,
Netherlands,Law & Humanities,UG,Law & Humanities,Leiden University,4,3,41500,3735000,44000,3968000,,
Netherlands,Media & Communication,UG,Media & Communication,University of Amsterdam,2,3,38100,3438900,44000,3968000,,
Netherlands,Engineering & Technology,PG,Engineering & Technology,Delft University of Technology,1,2,40100,3616100,44000,3968000,,
Netherlands,Science & Technology,PG,Science & Technology,University of Amsterdam,2,2,45300,4077000,44000,3968000,,
Netherlands,Business & Finance,PG,Business & Finance,Erasmus University Rotterdam,6,1,24500,2205000,44000,3968000,,
Netherlands,Medical & Health Sciences,PG,Medical & Health Sciences,Maastricht University,10,2,41500,3735000,44000,3968000,,
Netherlands,Hospitality & Lifestyle,PG,Hospitality & Lifestyle,Wageningen University & Research,3,2,32700,2943000,44000,3968000,,
Netherlands,"Arts, Design & Media",PG,"Arts, Design & Media",University of Amsterdam,2,2,41500,3735000,44000,3968000,,
Netherlands,Law & Humanities,PG,Law & Humanities,Leiden University,4,1,26100,2349000,44000,3968000,,
Netherlands,Media & Communication,PG,Media & Communication,University of Amsterdam,2,1,24500,2205000,44000,3968000,,
